city name,city number,voters in list,issued envelopes,valid votes,candidating parties
Alojzov,506761,205,145,144,"['Obèanská demokratická strana', 'Øád národa - Vlastenecká unie', 'CESTA ODPOVÌDNÉ SPOLEÈNOSTI', 'Èeská str.sociálnì demokrat.', 'Radostné Èesko', 'STAROSTOVÉ A NEZÁVISLÍ', 'Komunistická str.Èech a Moravy', 'Strana zelenıch', 'ROZUMNÍ-stop migraci,diktát.EU', 'Strana svobodnıch obèanù', 'Blok proti islam.-Obran.domova', 'Obèanská demokratická aliance', 'Èeská pirátská strana', 'Referendum o Evropské unii', 'TOP 09', 'ANO 2011', 'Dobrá volba 2016', 'SPR-Republ.str.Èsl. M.Sládka', 'Køes.demokr.unie-Ès.str.lid.', 'Èeská strana národnì sociální', 'REALISTÉ', 'SPORTOVCI', 'Dìlnic.str.sociální spravedl.', 'Svob.a pø.dem.-T.Okamura (SPD)', 'Strana Práv Obèanù']"
Bedihoš,589268,834,527,524,"['Obèanská demokratická strana', 'Øád národa - Vlastenecká unie', 'CESTA ODPOVÌDNÉ SPOLEÈNOSTI', 'Èeská str.sociálnì demokrat.', 'Radostné Èesko', 'STAROSTOVÉ A NEZÁVISLÍ', 'Komunistická str.Èech a Moravy', 'Strana zelenıch', 'ROZUMNÍ-stop migraci,diktát.EU', 'Strana svobodnıch obèanù', 'Blok proti islam.-Obran.domova', 'Obèanská demokratická aliance', 'Èeská pirátská strana', 'Referendum o Evropské unii', 'TOP 09', 'ANO 2011', 'Dobrá volba 2016', 'SPR-Republ.str.Èsl. M.Sládka', 'Køes.demokr.unie-Ès.str.lid.', 'Èeská strana národnì sociální', 'REALISTÉ', 'SPORTOVCI', 'Dìlnic.str.sociální spravedl.', 'Svob.a pø.dem.-T.Okamura (SPD)', 'Strana Práv Obèanù']"
Bílovice-Lutotín,589276,431,279,275,"['Obèanská demokratická strana', 'Øád národa - Vlastenecká unie', 'CESTA ODPOVÌDNÉ SPOLEÈNOSTI', 'Èeská str.sociálnì demokrat.', 'Radostné Èesko', 'STAROSTOVÉ A NEZÁVISLÍ', 'Komunistická str.Èech a Moravy', 'Strana zelenıch', 'ROZUMNÍ-stop migraci,diktát.EU', 'Strana svobodnıch obèanù', 'Blok proti islam.-Obran.domova', 'Obèanská demokratická aliance', 'Èeská pirátská strana', 'Referendum o Evropské unii', 'TOP 09', 'ANO 2011', 'Dobrá volba 2016', 'SPR-Republ.str.Èsl. M.Sládka', 'Køes.demokr.unie-Ès.str.lid.', 'Èeská strana národnì sociální', 'REALISTÉ', 'SPORTOVCI', 'Dìlnic.str.sociální spravedl.', 'Svob.a pø.dem.-T.Okamura (SPD)', 'Strana Práv Obèanù']"
Biskupice,589284,238,132,131,"['Obèanská demokratická strana', 'Øád národa - Vlastenecká unie', 'CESTA ODPOVÌDNÉ SPOLEÈNOSTI', 'Èeská str.sociálnì demokrat.', 'Radostné Èesko', 'STAROSTOVÉ A NEZÁVISLÍ', 'Komunistická str.Èech a Moravy', 'Strana zelenıch', 'ROZUMNÍ-stop migraci,diktát.EU', 'Strana svobodnıch obèanù', 'Blok proti islam.-Obran.domova', 'Obèanská demokratická aliance', 'Èeská pirátská strana', 'Referendum o Evropské unii', 'TOP 09', 'ANO 2011', 'Dobrá volba 2016', 'SPR-Republ.str.Èsl. M.Sládka', 'Køes.demokr.unie-Ès.str.lid.', 'Èeská strana národnì sociální', 'REALISTÉ', 'SPORTOVCI', 'Dìlnic.str.sociální spravedl.', 'Svob.a pø.dem.-T.Okamura (SPD)', 'Strana Práv Obèanù']"
Bohuslavice,589292,376,236,236,"['Obèanská demokratická strana', 'Øád národa - Vlastenecká unie', 'CESTA ODPOVÌDNÉ SPOLEÈNOSTI', 'Èeská str.sociálnì demokrat.', 'Radostné Èesko', 'STAROSTOVÉ A NEZÁVISLÍ', 'Komunistická str.Èech a Moravy', 'Strana zelenıch', 'ROZUMNÍ-stop migraci,diktát.EU', 'Strana svobodnıch obèanù', 'Blok proti islam.-Obran.domova', 'Obèanská demokratická aliance', 'Èeská pirátská strana', 'Referendum o Evropské unii', 'TOP 09', 'ANO 2011', 'Dobrá volba 2016', 'SPR-Republ.str.Èsl. M.Sládka', 'Køes.demokr.unie-Ès.str.lid.', 'Èeská strana národnì sociální', 'REALISTÉ', 'SPORTOVCI', 'Dìlnic.str.sociální spravedl.', 'Svob.a pø.dem.-T.Okamura (SPD)', 'Strana Práv Obèanù']"
Bousín,589306,107,67,67,"['Obèanská demokratická strana', 'Øád národa - Vlastenecká unie', 'CESTA ODPOVÌDNÉ SPOLEÈNOSTI', 'Èeská str.sociálnì demokrat.', 'Radostné Èesko', 'STAROSTOVÉ A NEZÁVISLÍ', 'Komunistická str.Èech a Moravy', 'Strana zelenıch', 'ROZUMNÍ-stop migraci,diktát.EU', 'Strana svobodnıch obèanù', 'Blok proti islam.-Obran.domova', 'Obèanská demokratická aliance', 'Èeská pirátská strana', 'Referendum o Evropské unii', 'TOP 09', 'ANO 2011', 'Dobrá volba 2016', 'SPR-Republ.str.Èsl. M.Sládka', 'Køes.demokr.unie-Ès.str.lid.', 'Èeská strana národnì sociální', 'REALISTÉ', 'SPORTOVCI', 'Dìlnic.str.sociální spravedl.', 'Svob.a pø.dem.-T.Okamura (SPD)', 'Strana Práv Obèanù']"
Brodek u Konice,589314,695,460,460,"['Obèanská demokratická strana', 'Øád národa - Vlastenecká unie', 'CESTA ODPOVÌDNÉ SPOLEÈNOSTI', 'Èeská str.sociálnì demokrat.', 'Radostné Èesko', 'STAROSTOVÉ A NEZÁVISLÍ', 'Komunistická str.Èech a Moravy', 'Strana zelenıch', 'ROZUMNÍ-stop migraci,diktát.EU', 'Strana svobodnıch obèanù', 'Blok proti islam.-Obran.domova', 'Obèanská demokratická aliance', 'Èeská pirátská strana', 'Referendum o Evropské unii', 'TOP 09', 'ANO 2011', 'Dobrá volba 2016', 'SPR-Republ.str.Èsl. M.Sládka', 'Køes.demokr.unie-Ès.str.lid.', 'Èeská strana národnì sociální', 'REALISTÉ', 'SPORTOVCI', 'Dìlnic.str.sociální spravedl.', 'Svob.a pø.dem.-T.Okamura (SPD)', 'Strana Práv Obèanù']"
Brodek u Prostìjova,589322,1 224,656,655,"['Obèanská demokratická strana', 'Øád národa - Vlastenecká unie', 'CESTA ODPOVÌDNÉ SPOLEÈNOSTI', 'Èeská str.sociálnì demokrat.', 'Radostné Èesko', 'STAROSTOVÉ A NEZÁVISLÍ', 'Komunistická str.Èech a Moravy', 'Strana zelenıch', 'ROZUMNÍ-stop migraci,diktát.EU', 'Strana svobodnıch obèanù', 'Blok proti islam.-Obran.domova', 'Obèanská demokratická aliance', 'Èeská pirátská strana', 'Referendum o Evropské unii', 'TOP 09', 'ANO 2011', 'Dobrá volba 2016', 'SPR-Republ.str.Èsl. M.Sládka', 'Køes.demokr.unie-Ès.str.lid.', 'Èeská strana národnì sociální', 'REALISTÉ', 'SPORTOVCI', 'Dìlnic.str.sociální spravedl.', 'Svob.a pø.dem.-T.Okamura (SPD)', 'Strana Práv Obèanù']"
Bøezsko,589331,178,111,111,"['Obèanská demokratická strana', 'Øád národa - Vlastenecká unie', 'CESTA ODPOVÌDNÉ SPOLEÈNOSTI', 'Èeská str.sociálnì demokrat.', 'Radostné Èesko', 'STAROSTOVÉ A NEZÁVISLÍ', 'Komunistická str.Èech a Moravy', 'Strana zelenıch', 'ROZUMNÍ-stop migraci,diktát.EU', 'Strana svobodnıch obèanù', 'Blok proti islam.-Obran.domova', 'Obèanská demokratická aliance', 'Èeská pirátská strana', 'Referendum o Evropské unii', 'TOP 09', 'ANO 2011', 'Dobrá volba 2016', 'SPR-Republ.str.Èsl. M.Sládka', 'Køes.demokr.unie-Ès.str.lid.', 'Èeská strana národnì sociální', 'REALISTÉ', 'SPORTOVCI', 'Dìlnic.str.sociální spravedl.', 'Svob.a pø.dem.-T.Okamura (SPD)', 'Strana Práv Obèanù']"
Budìtsko,589349,331,208,206,"['Obèanská demokratická strana', 'Øád národa - Vlastenecká unie', 'CESTA ODPOVÌDNÉ SPOLEÈNOSTI', 'Èeská str.sociálnì demokrat.', 'Radostné Èesko', 'STAROSTOVÉ A NEZÁVISLÍ', 'Komunistická str.Èech a Moravy', 'Strana zelenıch', 'ROZUMNÍ-stop migraci,diktát.EU', 'Strana svobodnıch obèanù', 'Blok proti islam.-Obran.domova', 'Obèanská demokratická aliance', 'Èeská pirátská strana', 'Referendum o Evropské unii', 'TOP 09', 'ANO 2011', 'Dobrá volba 2016', 'SPR-Republ.str.Èsl. M.Sládka', 'Køes.demokr.unie-Ès.str.lid.', 'Èeská strana národnì sociální', 'REALISTÉ', 'SPORTOVCI', 'Dìlnic.str.sociální spravedl.', 'Svob.a pø.dem.-T.Okamura (SPD)', 'Strana Práv Obèanù']"
Buková,589357,264,170,169,"['Obèanská demokratická strana', 'Øád národa - Vlastenecká unie', 'CESTA ODPOVÌDNÉ SPOLEÈNOSTI', 'Èeská str.sociálnì demokrat.', 'Radostné Èesko', 'STAROSTOVÉ A NEZÁVISLÍ', 'Komunistická str.Èech a Moravy', 'Strana zelenıch', 'ROZUMNÍ-stop migraci,diktát.EU', 'Strana svobodnıch obèanù', 'Blok proti islam.-Obran.domova', 'Obèanská demokratická aliance', 'Èeská pirátská strana', 'Referendum o Evropské unii', 'TOP 09', 'ANO 2011', 'Dobrá volba 2016', 'SPR-Republ.str.Èsl. M.Sládka', 'Køes.demokr.unie-Ès.str.lid.', 'Èeská strana národnì sociální', 'REALISTÉ', 'SPORTOVCI', 'Dìlnic.str.sociální spravedl.', 'Svob.a pø.dem.-T.Okamura (SPD)', 'Strana Práv Obèanù']"
Èehovice,589365,426,281,280,"['Obèanská demokratická strana', 'Øád národa - Vlastenecká unie', 'CESTA ODPOVÌDNÉ SPOLEÈNOSTI', 'Èeská str.sociálnì demokrat.', 'Radostné Èesko', 'STAROSTOVÉ A NEZÁVISLÍ', 'Komunistická str.Èech a Moravy', 'Strana zelenıch', 'ROZUMNÍ-stop migraci,diktát.EU', 'Strana svobodnıch obèanù', 'Blok proti islam.-Obran.domova', 'Obèanská demokratická aliance', 'Èeská pirátská strana', 'Referendum o Evropské unii', 'TOP 09', 'ANO 2011', 'Dobrá volba 2016', 'SPR-Republ.str.Èsl. M.Sládka', 'Køes.demokr.unie-Ès.str.lid.', 'Èeská strana národnì sociální', 'REALISTÉ', 'SPORTOVCI', 'Dìlnic.str.sociální spravedl.', 'Svob.a pø.dem.-T.Okamura (SPD)', 'Strana Práv Obèanù']"
Èechy pod Kosíøem,589381,814,512,512,"['Obèanská demokratická strana', 'Øád národa - Vlastenecká unie', 'CESTA ODPOVÌDNÉ SPOLEÈNOSTI', 'Èeská str.sociálnì demokrat.', 'Radostné Èesko', 'STAROSTOVÉ A NEZÁVISLÍ', 'Komunistická str.Èech a Moravy', 'Strana zelenıch', 'ROZUMNÍ-stop migraci,diktát.EU', 'Strana svobodnıch obèanù', 'Blok proti islam.-Obran.domova', 'Obèanská demokratická aliance', 'Èeská pirátská strana', 'Referendum o Evropské unii', 'TOP 09', 'ANO 2011', 'Dobrá volba 2016', 'SPR-Republ.str.Èsl. M.Sládka', 'Køes.demokr.unie-Ès.str.lid.', 'Èeská strana národnì sociální', 'REALISTÉ', 'SPORTOVCI', 'Dìlnic.str.sociální spravedl.', 'Svob.a pø.dem.-T.Okamura (SPD)', 'Strana Práv Obèanù']"
Èelèice,589390,437,272,272,"['Obèanská demokratická strana', 'Øád národa - Vlastenecká unie', 'CESTA ODPOVÌDNÉ SPOLEÈNOSTI', 'Èeská str.sociálnì demokrat.', 'Radostné Èesko', 'STAROSTOVÉ A NEZÁVISLÍ', 'Komunistická str.Èech a Moravy', 'Strana zelenıch', 'ROZUMNÍ-stop migraci,diktát.EU', 'Strana svobodnıch obèanù', 'Blok proti islam.-Obran.domova', 'Obèanská demokratická aliance', 'Èeská pirátská strana', 'Referendum o Evropské unii', 'TOP 09', 'ANO 2011', 'Dobrá volba 2016', 'SPR-Republ.str.Èsl. M.Sládka', 'Køes.demokr.unie-Ès.str.lid.', 'Èeská strana národnì sociální', 'REALISTÉ', 'SPORTOVCI', 'Dìlnic.str.sociální spravedl.', 'Svob.a pø.dem.-T.Okamura (SPD)', 'Strana Práv Obèanù']"
Èelechovice na Hané,589403,1 063,649,642,"['Obèanská demokratická strana', 'Øád národa - Vlastenecká unie', 'CESTA ODPOVÌDNÉ SPOLEÈNOSTI', 'Èeská str.sociálnì demokrat.', 'Radostné Èesko', 'STAROSTOVÉ A NEZÁVISLÍ', 'Komunistická str.Èech a Moravy', 'Strana zelenıch', 'ROZUMNÍ-stop migraci,diktát.EU', 'Strana svobodnıch obèanù', 'Blok proti islam.-Obran.domova', 'Obèanská demokratická aliance', 'Èeská pirátská strana', 'Referendum o Evropské unii', 'TOP 09', 'ANO 2011', 'Dobrá volba 2016', 'SPR-Republ.str.Èsl. M.Sládka', 'Køes.demokr.unie-Ès.str.lid.', 'Èeská strana národnì sociální', 'REALISTÉ', 'SPORTOVCI', 'Dìlnic.str.sociální spravedl.', 'Svob.a pø.dem.-T.Okamura (SPD)', 'Strana Práv Obèanù']"
Dìtkovice,589420,427,284,281,"['Obèanská demokratická strana', 'Øád národa - Vlastenecká unie', 'CESTA ODPOVÌDNÉ SPOLEÈNOSTI', 'Èeská str.sociálnì demokrat.', 'Radostné Èesko', 'STAROSTOVÉ A NEZÁVISLÍ', 'Komunistická str.Èech a Moravy', 'Strana zelenıch', 'ROZUMNÍ-stop migraci,diktát.EU', 'Strana svobodnıch obèanù', 'Blok proti islam.-Obran.domova', 'Obèanská demokratická aliance', 'Èeská pirátská strana', 'Referendum o Evropské unii', 'TOP 09', 'ANO 2011', 'Dobrá volba 2016', 'SPR-Republ.str.Èsl. M.Sládka', 'Køes.demokr.unie-Ès.str.lid.', 'Èeská strana národnì sociální', 'REALISTÉ', 'SPORTOVCI', 'Dìlnic.str.sociální spravedl.', 'Svob.a pø.dem.-T.Okamura (SPD)', 'Strana Práv Obèanù']"
Dobrochov,589438,270,172,170,"['Obèanská demokratická strana', 'Øád národa - Vlastenecká unie', 'CESTA ODPOVÌDNÉ SPOLEÈNOSTI', 'Èeská str.sociálnì demokrat.', 'Radostné Èesko', 'STAROSTOVÉ A NEZÁVISLÍ', 'Komunistická str.Èech a Moravy', 'Strana zelenıch', 'ROZUMNÍ-stop migraci,diktát.EU', 'Strana svobodnıch obèanù', 'Blok proti islam.-Obran.domova', 'Obèanská demokratická aliance', 'Èeská pirátská strana', 'Referendum o Evropské unii', 'TOP 09', 'ANO 2011', 'Dobrá volba 2016', 'SPR-Republ.str.Èsl. M.Sládka', 'Køes.demokr.unie-Ès.str.lid.', 'Èeská strana národnì sociální', 'REALISTÉ', 'SPORTOVCI', 'Dìlnic.str.sociální spravedl.', 'Svob.a pø.dem.-T.Okamura (SPD)', 'Strana Práv Obèanù']"
Dobromilice,589446,629,308,308,"['Obèanská demokratická strana', 'Øád národa - Vlastenecká unie', 'CESTA ODPOVÌDNÉ SPOLEÈNOSTI', 'Èeská str.sociálnì demokrat.', 'Radostné Èesko', 'STAROSTOVÉ A NEZÁVISLÍ', 'Komunistická str.Èech a Moravy', 'Strana zelenıch', 'ROZUMNÍ-stop migraci,diktát.EU', 'Strana svobodnıch obèanù', 'Blok proti islam.-Obran.domova', 'Obèanská demokratická aliance', 'Èeská pirátská strana', 'Referendum o Evropské unii', 'TOP 09', 'ANO 2011', 'Dobrá volba 2016', 'SPR-Republ.str.Èsl. M.Sládka', 'Køes.demokr.unie-Ès.str.lid.', 'Èeská strana národnì sociální', 'REALISTÉ', 'SPORTOVCI', 'Dìlnic.str.sociální spravedl.', 'Svob.a pø.dem.-T.Okamura (SPD)', 'Strana Práv Obèanù']"
Doloplazy,589454,459,244,244,"['Obèanská demokratická strana', 'Øád národa - Vlastenecká unie', 'CESTA ODPOVÌDNÉ SPOLEÈNOSTI', 'Èeská str.sociálnì demokrat.', 'Radostné Èesko', 'STAROSTOVÉ A NEZÁVISLÍ', 'Komunistická str.Èech a Moravy', 'Strana zelenıch', 'ROZUMNÍ-stop migraci,diktát.EU', 'Strana svobodnıch obèanù', 'Blok proti islam.-Obran.domova', 'Obèanská demokratická aliance', 'Èeská pirátská strana', 'Referendum o Evropské unii', 'TOP 09', 'ANO 2011', 'Dobrá volba 2016', 'SPR-Republ.str.Èsl. M.Sládka', 'Køes.demokr.unie-Ès.str.lid.', 'Èeská strana národnì sociální', 'REALISTÉ', 'SPORTOVCI', 'Dìlnic.str.sociální spravedl.', 'Svob.a pø.dem.-T.Okamura (SPD)', 'Strana Práv Obèanù']"
Drahany,589462,443,290,287,"['Obèanská demokratická strana', 'Øád národa - Vlastenecká unie', 'CESTA ODPOVÌDNÉ SPOLEÈNOSTI', 'Èeská str.sociálnì demokrat.', 'Radostné Èesko', 'STAROSTOVÉ A NEZÁVISLÍ', 'Komunistická str.Èech a Moravy', 'Strana zelenıch', 'ROZUMNÍ-stop migraci,diktát.EU', 'Strana svobodnıch obèanù', 'Blok proti islam.-Obran.domova', 'Obèanská demokratická aliance', 'Èeská pirátská strana', 'Referendum o Evropské unii', 'TOP 09', 'ANO 2011', 'Dobrá volba 2016', 'SPR-Republ.str.Èsl. M.Sládka', 'Køes.demokr.unie-Ès.str.lid.', 'Èeská strana národnì sociální', 'REALISTÉ', 'SPORTOVCI', 'Dìlnic.str.sociální spravedl.', 'Svob.a pø.dem.-T.Okamura (SPD)', 'Strana Práv Obèanù']"
Drovice,558419,1 139,748,742,"['Obèanská demokratická strana', 'Øád národa - Vlastenecká unie', 'CESTA ODPOVÌDNÉ SPOLEÈNOSTI', 'Èeská str.sociálnì demokrat.', 'Radostné Èesko', 'STAROSTOVÉ A NEZÁVISLÍ', 'Komunistická str.Èech a Moravy', 'Strana zelenıch', 'ROZUMNÍ-stop migraci,diktát.EU', 'Strana svobodnıch obèanù', 'Blok proti islam.-Obran.domova', 'Obèanská demokratická aliance', 'Èeská pirátská strana', 'Referendum o Evropské unii', 'TOP 09', 'ANO 2011', 'Dobrá volba 2016', 'SPR-Republ.str.Èsl. M.Sládka', 'Køes.demokr.unie-Ès.str.lid.', 'Èeská strana národnì sociální', 'REALISTÉ', 'SPORTOVCI', 'Dìlnic.str.sociální spravedl.', 'Svob.a pø.dem.-T.Okamura (SPD)', 'Strana Práv Obèanù']"
Døevnovice,589489,380,220,219,"['Obèanská demokratická strana', 'Øád národa - Vlastenecká unie', 'CESTA ODPOVÌDNÉ SPOLEÈNOSTI', 'Èeská str.sociálnì demokrat.', 'Radostné Èesko', 'STAROSTOVÉ A NEZÁVISLÍ', 'Komunistická str.Èech a Moravy', 'Strana zelenıch', 'ROZUMNÍ-stop migraci,diktát.EU', 'Strana svobodnıch obèanù', 'Blok proti islam.-Obran.domova', 'Obèanská demokratická aliance', 'Èeská pirátská strana', 'Referendum o Evropské unii', 'TOP 09', 'ANO 2011', 'Dobrá volba 2016', 'SPR-Republ.str.Èsl. M.Sládka', 'Køes.demokr.unie-Ès.str.lid.', 'Èeská strana národnì sociální', 'REALISTÉ', 'SPORTOVCI', 'Dìlnic.str.sociální spravedl.', 'Svob.a pø.dem.-T.Okamura (SPD)', 'Strana Práv Obèanù']"
Dzbel,589497,209,133,133,"['Obèanská demokratická strana', 'Øád národa - Vlastenecká unie', 'CESTA ODPOVÌDNÉ SPOLEÈNOSTI', 'Èeská str.sociálnì demokrat.', 'Radostné Èesko', 'STAROSTOVÉ A NEZÁVISLÍ', 'Komunistická str.Èech a Moravy', 'Strana zelenıch', 'ROZUMNÍ-stop migraci,diktát.EU', 'Strana svobodnıch obèanù', 'Blok proti islam.-Obran.domova', 'Obèanská demokratická aliance', 'Èeská pirátská strana', 'Referendum o Evropské unii', 'TOP 09', 'ANO 2011', 'Dobrá volba 2016', 'SPR-Republ.str.Èsl. M.Sládka', 'Køes.demokr.unie-Ès.str.lid.', 'Èeská strana národnì sociální', 'REALISTÉ', 'SPORTOVCI', 'Dìlnic.str.sociální spravedl.', 'Svob.a pø.dem.-T.Okamura (SPD)', 'Strana Práv Obèanù']"
Haèky,549967,83,67,65,"['Obèanská demokratická strana', 'Øád národa - Vlastenecká unie', 'CESTA ODPOVÌDNÉ SPOLEÈNOSTI', 'Èeská str.sociálnì demokrat.', 'Radostné Èesko', 'STAROSTOVÉ A NEZÁVISLÍ', 'Komunistická str.Èech a Moravy', 'Strana zelenıch', 'ROZUMNÍ-stop migraci,diktát.EU', 'Strana svobodnıch obèanù', 'Blok proti islam.-Obran.domova', 'Obèanská demokratická aliance', 'Èeská pirátská strana', 'Referendum o Evropské unii', 'TOP 09', 'ANO 2011', 'Dobrá volba 2016', 'SPR-Republ.str.Èsl. M.Sládka', 'Køes.demokr.unie-Ès.str.lid.', 'Èeská strana národnì sociální', 'REALISTÉ', 'SPORTOVCI', 'Dìlnic.str.sociální spravedl.', 'Svob.a pø.dem.-T.Okamura (SPD)', 'Strana Práv Obèanù']"
Hluchov,589501,292,174,173,"['Obèanská demokratická strana', 'Øád národa - Vlastenecká unie', 'CESTA ODPOVÌDNÉ SPOLEÈNOSTI', 'Èeská str.sociálnì demokrat.', 'Radostné Èesko', 'STAROSTOVÉ A NEZÁVISLÍ', 'Komunistická str.Èech a Moravy', 'Strana zelenıch', 'ROZUMNÍ-stop migraci,diktát.EU', 'Strana svobodnıch obèanù', 'Blok proti islam.-Obran.domova', 'Obèanská demokratická aliance', 'Èeská pirátská strana', 'Referendum o Evropské unii', 'TOP 09', 'ANO 2011', 'Dobrá volba 2016', 'SPR-Republ.str.Èsl. M.Sládka', 'Køes.demokr.unie-Ès.str.lid.', 'Èeská strana národnì sociální', 'REALISTÉ', 'SPORTOVCI', 'Dìlnic.str.sociální spravedl.', 'Svob.a pø.dem.-T.Okamura (SPD)', 'Strana Práv Obèanù']"
Horní Štìpánov,589519,749,454,452,"['Obèanská demokratická strana', 'Øád národa - Vlastenecká unie', 'CESTA ODPOVÌDNÉ SPOLEÈNOSTI', 'Èeská str.sociálnì demokrat.', 'Radostné Èesko', 'STAROSTOVÉ A NEZÁVISLÍ', 'Komunistická str.Èech a Moravy', 'Strana zelenıch', 'ROZUMNÍ-stop migraci,diktát.EU', 'Strana svobodnıch obèanù', 'Blok proti islam.-Obran.domova', 'Obèanská demokratická aliance', 'Èeská pirátská strana', 'Referendum o Evropské unii', 'TOP 09', 'ANO 2011', 'Dobrá volba 2016', 'SPR-Republ.str.Èsl. M.Sládka', 'Køes.demokr.unie-Ès.str.lid.', 'Èeská strana národnì sociální', 'REALISTÉ', 'SPORTOVCI', 'Dìlnic.str.sociální spravedl.', 'Svob.a pø.dem.-T.Okamura (SPD)', 'Strana Práv Obèanù']"
Hradèany-Kobeøice,589527,326,196,194,"['Obèanská demokratická strana', 'Øád národa - Vlastenecká unie', 'CESTA ODPOVÌDNÉ SPOLEÈNOSTI', 'Èeská str.sociálnì demokrat.', 'Radostné Èesko', 'STAROSTOVÉ A NEZÁVISLÍ', 'Komunistická str.Èech a Moravy', 'Strana zelenıch', 'ROZUMNÍ-stop migraci,diktát.EU', 'Strana svobodnıch obèanù', 'Blok proti islam.-Obran.domova', 'Obèanská demokratická aliance', 'Èeská pirátská strana', 'Referendum o Evropské unii', 'TOP 09', 'ANO 2011', 'Dobrá volba 2016', 'SPR-Republ.str.Èsl. M.Sládka', 'Køes.demokr.unie-Ès.str.lid.', 'Èeská strana národnì sociální', 'REALISTÉ', 'SPORTOVCI', 'Dìlnic.str.sociální spravedl.', 'Svob.a pø.dem.-T.Okamura (SPD)', 'Strana Práv Obèanù']"
Hrdiboøice,589535,178,109,109,"['Obèanská demokratická strana', 'Øád národa - Vlastenecká unie', 'CESTA ODPOVÌDNÉ SPOLEÈNOSTI', 'Èeská str.sociálnì demokrat.', 'Radostné Èesko', 'STAROSTOVÉ A NEZÁVISLÍ', 'Komunistická str.Èech a Moravy', 'Strana zelenıch', 'ROZUMNÍ-stop migraci,diktát.EU', 'Strana svobodnıch obèanù', 'Blok proti islam.-Obran.domova', 'Obèanská demokratická aliance', 'Èeská pirátská strana', 'Referendum o Evropské unii', 'TOP 09', 'ANO 2011', 'Dobrá volba 2016', 'SPR-Republ.str.Èsl. M.Sládka', 'Køes.demokr.unie-Ès.str.lid.', 'Èeská strana národnì sociální', 'REALISTÉ', 'SPORTOVCI', 'Dìlnic.str.sociální spravedl.', 'Svob.a pø.dem.-T.Okamura (SPD)', 'Strana Práv Obèanù']"
Hrubèice,589543,617,376,374,"['Obèanská demokratická strana', 'Øád národa - Vlastenecká unie', 'CESTA ODPOVÌDNÉ SPOLEÈNOSTI', 'Èeská str.sociálnì demokrat.', 'Radostné Èesko', 'STAROSTOVÉ A NEZÁVISLÍ', 'Komunistická str.Èech a Moravy', 'Strana zelenıch', 'ROZUMNÍ-stop migraci,diktát.EU', 'Strana svobodnıch obèanù', 'Blok proti islam.-Obran.domova', 'Obèanská demokratická aliance', 'Èeská pirátská strana', 'Referendum o Evropské unii', 'TOP 09', 'ANO 2011', 'Dobrá volba 2016', 'SPR-Republ.str.Èsl. M.Sládka', 'Køes.demokr.unie-Ès.str.lid.', 'Èeská strana národnì sociální', 'REALISTÉ', 'SPORTOVCI', 'Dìlnic.str.sociální spravedl.', 'Svob.a pø.dem.-T.Okamura (SPD)', 'Strana Práv Obèanù']"
Hruška,543543,191,90,88,"['Obèanská demokratická strana', 'Øád národa - Vlastenecká unie', 'CESTA ODPOVÌDNÉ SPOLEÈNOSTI', 'Èeská str.sociálnì demokrat.', 'Radostné Èesko', 'STAROSTOVÉ A NEZÁVISLÍ', 'Komunistická str.Èech a Moravy', 'Strana zelenıch', 'ROZUMNÍ-stop migraci,diktát.EU', 'Strana svobodnıch obèanù', 'Blok proti islam.-Obran.domova', 'Obèanská demokratická aliance', 'Èeská pirátská strana', 'Referendum o Evropské unii', 'TOP 09', 'ANO 2011', 'Dobrá volba 2016', 'SPR-Republ.str.Èsl. M.Sládka', 'Køes.demokr.unie-Ès.str.lid.', 'Èeská strana národnì sociální', 'REALISTÉ', 'SPORTOVCI', 'Dìlnic.str.sociální spravedl.', 'Svob.a pø.dem.-T.Okamura (SPD)', 'Strana Práv Obèanù']"
Hvozd,589560,524,340,336,"['Obèanská demokratická strana', 'Øád národa - Vlastenecká unie', 'CESTA ODPOVÌDNÉ SPOLEÈNOSTI', 'Èeská str.sociálnì demokrat.', 'Radostné Èesko', 'STAROSTOVÉ A NEZÁVISLÍ', 'Komunistická str.Èech a Moravy', 'Strana zelenıch', 'ROZUMNÍ-stop migraci,diktát.EU', 'Strana svobodnıch obèanù', 'Blok proti islam.-Obran.domova', 'Obèanská demokratická aliance', 'Èeská pirátská strana', 'Referendum o Evropské unii', 'TOP 09', 'ANO 2011', 'Dobrá volba 2016', 'SPR-Republ.str.Èsl. M.Sládka', 'Køes.demokr.unie-Ès.str.lid.', 'Èeská strana národnì sociální', 'REALISTÉ', 'SPORTOVCI', 'Dìlnic.str.sociální spravedl.', 'Svob.a pø.dem.-T.Okamura (SPD)', 'Strana Práv Obèanù']"
Ivaò,589578,390,238,237,"['Obèanská demokratická strana', 'Øád národa - Vlastenecká unie', 'CESTA ODPOVÌDNÉ SPOLEÈNOSTI', 'Èeská str.sociálnì demokrat.', 'Radostné Èesko', 'STAROSTOVÉ A NEZÁVISLÍ', 'Komunistická str.Èech a Moravy', 'Strana zelenıch', 'ROZUMNÍ-stop migraci,diktát.EU', 'Strana svobodnıch obèanù', 'Blok proti islam.-Obran.domova', 'Obèanská demokratická aliance', 'Èeská pirátská strana', 'Referendum o Evropské unii', 'TOP 09', 'ANO 2011', 'Dobrá volba 2016', 'SPR-Republ.str.Èsl. M.Sládka', 'Køes.demokr.unie-Ès.str.lid.', 'Èeská strana národnì sociální', 'REALISTÉ', 'SPORTOVCI', 'Dìlnic.str.sociální spravedl.', 'Svob.a pø.dem.-T.Okamura (SPD)', 'Strana Práv Obèanù']"
Jesenec,589586,246,139,139,"['Obèanská demokratická strana', 'Øád národa - Vlastenecká unie', 'CESTA ODPOVÌDNÉ SPOLEÈNOSTI', 'Èeská str.sociálnì demokrat.', 'Radostné Èesko', 'STAROSTOVÉ A NEZÁVISLÍ', 'Komunistická str.Èech a Moravy', 'Strana zelenıch', 'ROZUMNÍ-stop migraci,diktát.EU', 'Strana svobodnıch obèanù', 'Blok proti islam.-Obran.domova', 'Obèanská demokratická aliance', 'Èeská pirátská strana', 'Referendum o Evropské unii', 'TOP 09', 'ANO 2011', 'Dobrá volba 2016', 'SPR-Republ.str.Èsl. M.Sládka', 'Køes.demokr.unie-Ès.str.lid.', 'Èeská strana národnì sociální', 'REALISTÉ', 'SPORTOVCI', 'Dìlnic.str.sociální spravedl.', 'Svob.a pø.dem.-T.Okamura (SPD)', 'Strana Práv Obèanù']"
Kladky,589594,289,140,140,"['Obèanská demokratická strana', 'Øád národa - Vlastenecká unie', 'CESTA ODPOVÌDNÉ SPOLEÈNOSTI', 'Èeská str.sociálnì demokrat.', 'Radostné Èesko', 'STAROSTOVÉ A NEZÁVISLÍ', 'Komunistická str.Èech a Moravy', 'Strana zelenıch', 'ROZUMNÍ-stop migraci,diktát.EU', 'Strana svobodnıch obèanù', 'Blok proti islam.-Obran.domova', 'Obèanská demokratická aliance', 'Èeská pirátská strana', 'Referendum o Evropské unii', 'TOP 09', 'ANO 2011', 'Dobrá volba 2016', 'SPR-Republ.str.Èsl. M.Sládka', 'Køes.demokr.unie-Ès.str.lid.', 'Èeská strana národnì sociální', 'REALISTÉ', 'SPORTOVCI', 'Dìlnic.str.sociální spravedl.', 'Svob.a pø.dem.-T.Okamura (SPD)', 'Strana Práv Obèanù']"
Klenovice na Hané,589608,654,355,354,"['Obèanská demokratická strana', 'Øád národa - Vlastenecká unie', 'CESTA ODPOVÌDNÉ SPOLEÈNOSTI', 'Èeská str.sociálnì demokrat.', 'Radostné Èesko', 'STAROSTOVÉ A NEZÁVISLÍ', 'Komunistická str.Èech a Moravy', 'Strana zelenıch', 'ROZUMNÍ-stop migraci,diktát.EU', 'Strana svobodnıch obèanù', 'Blok proti islam.-Obran.domova', 'Obèanská demokratická aliance', 'Èeská pirátská strana', 'Referendum o Evropské unii', 'TOP 09', 'ANO 2011', 'Dobrá volba 2016', 'SPR-Republ.str.Èsl. M.Sládka', 'Køes.demokr.unie-Ès.str.lid.', 'Èeská strana národnì sociální', 'REALISTÉ', 'SPORTOVCI', 'Dìlnic.str.sociální spravedl.', 'Svob.a pø.dem.-T.Okamura (SPD)', 'Strana Práv Obèanù']"
Klopotovice,589616,238,165,165,"['Obèanská demokratická strana', 'Øád národa - Vlastenecká unie', 'CESTA ODPOVÌDNÉ SPOLEÈNOSTI', 'Èeská str.sociálnì demokrat.', 'Radostné Èesko', 'STAROSTOVÉ A NEZÁVISLÍ', 'Komunistická str.Èech a Moravy', 'Strana zelenıch', 'ROZUMNÍ-stop migraci,diktát.EU', 'Strana svobodnıch obèanù', 'Blok proti islam.-Obran.domova', 'Obèanská demokratická aliance', 'Èeská pirátská strana', 'Referendum o Evropské unii', 'TOP 09', 'ANO 2011', 'Dobrá volba 2016', 'SPR-Republ.str.Èsl. M.Sládka', 'Køes.demokr.unie-Ès.str.lid.', 'Èeská strana národnì sociální', 'REALISTÉ', 'SPORTOVCI', 'Dìlnic.str.sociální spravedl.', 'Svob.a pø.dem.-T.Okamura (SPD)', 'Strana Práv Obèanù']"
Konice,589624,2 285,1 393,1 358,"['Obèanská demokratická strana', 'Øád národa - Vlastenecká unie', 'CESTA ODPOVÌDNÉ SPOLEÈNOSTI', 'Èeská str.sociálnì demokrat.', 'Radostné Èesko', 'STAROSTOVÉ A NEZÁVISLÍ', 'Komunistická str.Èech a Moravy', 'Strana zelenıch', 'ROZUMNÍ-stop migraci,diktát.EU', 'Strana svobodnıch obèanù', 'Blok proti islam.-Obran.domova', 'Obèanská demokratická aliance', 'Èeská pirátská strana', 'Referendum o Evropské unii', 'TOP 09', 'ANO 2011', 'Dobrá volba 2016', 'SPR-Republ.str.Èsl. M.Sládka', 'Køes.demokr.unie-Ès.str.lid.', 'Èeská strana národnì sociální', 'REALISTÉ', 'SPORTOVCI', 'Dìlnic.str.sociální spravedl.', 'Svob.a pø.dem.-T.Okamura (SPD)', 'Strana Práv Obèanù']"
Kostelec na Hané,589632,2 302,1 334,1 323,"['Obèanská demokratická strana', 'Øád národa - Vlastenecká unie', 'CESTA ODPOVÌDNÉ SPOLEÈNOSTI', 'Èeská str.sociálnì demokrat.', 'Radostné Èesko', 'STAROSTOVÉ A NEZÁVISLÍ', 'Komunistická str.Èech a Moravy', 'Strana zelenıch', 'ROZUMNÍ-stop migraci,diktát.EU', 'Strana svobodnıch obèanù', 'Blok proti islam.-Obran.domova', 'Obèanská demokratická aliance', 'Èeská pirátská strana', 'Referendum o Evropské unii', 'TOP 09', 'ANO 2011', 'Dobrá volba 2016', 'SPR-Republ.str.Èsl. M.Sládka', 'Køes.demokr.unie-Ès.str.lid.', 'Èeská strana národnì sociální', 'REALISTÉ', 'SPORTOVCI', 'Dìlnic.str.sociální spravedl.', 'Svob.a pø.dem.-T.Okamura (SPD)', 'Strana Práv Obèanù']"
Koválovice-Osíèany,589641,232,152,151,"['Obèanská demokratická strana', 'Øád národa - Vlastenecká unie', 'CESTA ODPOVÌDNÉ SPOLEÈNOSTI', 'Èeská str.sociálnì demokrat.', 'Radostné Èesko', 'STAROSTOVÉ A NEZÁVISLÍ', 'Komunistická str.Èech a Moravy', 'Strana zelenıch', 'ROZUMNÍ-stop migraci,diktát.EU', 'Strana svobodnıch obèanù', 'Blok proti islam.-Obran.domova', 'Obèanská demokratická aliance', 'Èeská pirátská strana', 'Referendum o Evropské unii', 'TOP 09', 'ANO 2011', 'Dobrá volba 2016', 'SPR-Republ.str.Èsl. M.Sládka', 'Køes.demokr.unie-Ès.str.lid.', 'Èeská strana národnì sociální', 'REALISTÉ', 'SPORTOVCI', 'Dìlnic.str.sociální spravedl.', 'Svob.a pø.dem.-T.Okamura (SPD)', 'Strana Práv Obèanù']"
Kralice na Hané,589659,1 257,807,804,"['Obèanská demokratická strana', 'Øád národa - Vlastenecká unie', 'CESTA ODPOVÌDNÉ SPOLEÈNOSTI', 'Èeská str.sociálnì demokrat.', 'Radostné Èesko', 'STAROSTOVÉ A NEZÁVISLÍ', 'Komunistická str.Èech a Moravy', 'Strana zelenıch', 'ROZUMNÍ-stop migraci,diktát.EU', 'Strana svobodnıch obèanù', 'Blok proti islam.-Obran.domova', 'Obèanská demokratická aliance', 'Èeská pirátská strana', 'Referendum o Evropské unii', 'TOP 09', 'ANO 2011', 'Dobrá volba 2016', 'SPR-Republ.str.Èsl. M.Sládka', 'Køes.demokr.unie-Ès.str.lid.', 'Èeská strana národnì sociální', 'REALISTÉ', 'SPORTOVCI', 'Dìlnic.str.sociální spravedl.', 'Svob.a pø.dem.-T.Okamura (SPD)', 'Strana Práv Obèanù']"
Krumsín,589667,465,284,284,"['Obèanská demokratická strana', 'Øád národa - Vlastenecká unie', 'CESTA ODPOVÌDNÉ SPOLEÈNOSTI', 'Èeská str.sociálnì demokrat.', 'Radostné Èesko', 'STAROSTOVÉ A NEZÁVISLÍ', 'Komunistická str.Èech a Moravy', 'Strana zelenıch', 'ROZUMNÍ-stop migraci,diktát.EU', 'Strana svobodnıch obèanù', 'Blok proti islam.-Obran.domova', 'Obèanská demokratická aliance', 'Èeská pirátská strana', 'Referendum o Evropské unii', 'TOP 09', 'ANO 2011', 'Dobrá volba 2016', 'SPR-Republ.str.Èsl. M.Sládka', 'Køes.demokr.unie-Ès.str.lid.', 'Èeská strana národnì sociální', 'REALISTÉ', 'SPORTOVCI', 'Dìlnic.str.sociální spravedl.', 'Svob.a pø.dem.-T.Okamura (SPD)', 'Strana Práv Obèanù']"
Laškov,589675,487,335,334,"['Obèanská demokratická strana', 'Øád národa - Vlastenecká unie', 'CESTA ODPOVÌDNÉ SPOLEÈNOSTI', 'Èeská str.sociálnì demokrat.', 'Radostné Èesko', 'STAROSTOVÉ A NEZÁVISLÍ', 'Komunistická str.Èech a Moravy', 'Strana zelenıch', 'ROZUMNÍ-stop migraci,diktát.EU', 'Strana svobodnıch obèanù', 'Blok proti islam.-Obran.domova', 'Obèanská demokratická aliance', 'Èeská pirátská strana', 'Referendum o Evropské unii', 'TOP 09', 'ANO 2011', 'Dobrá volba 2016', 'SPR-Republ.str.Èsl. M.Sládka', 'Køes.demokr.unie-Ès.str.lid.', 'Èeská strana národnì sociální', 'REALISTÉ', 'SPORTOVCI', 'Dìlnic.str.sociální spravedl.', 'Svob.a pø.dem.-T.Okamura (SPD)', 'Strana Práv Obèanù']"
Lešany,589683,320,196,194,"['Obèanská demokratická strana', 'Øád národa - Vlastenecká unie', 'CESTA ODPOVÌDNÉ SPOLEÈNOSTI', 'Èeská str.sociálnì demokrat.', 'Radostné Èesko', 'STAROSTOVÉ A NEZÁVISLÍ', 'Komunistická str.Èech a Moravy', 'Strana zelenıch', 'ROZUMNÍ-stop migraci,diktát.EU', 'Strana svobodnıch obèanù', 'Blok proti islam.-Obran.domova', 'Obèanská demokratická aliance', 'Èeská pirátská strana', 'Referendum o Evropské unii', 'TOP 09', 'ANO 2011', 'Dobrá volba 2016', 'SPR-Republ.str.Èsl. M.Sládka', 'Køes.demokr.unie-Ès.str.lid.', 'Èeská strana národnì sociální', 'REALISTÉ', 'SPORTOVCI', 'Dìlnic.str.sociální spravedl.', 'Svob.a pø.dem.-T.Okamura (SPD)', 'Strana Práv Obèanù']"
Lipová,589691,615,450,449,"['Obèanská demokratická strana', 'Øád národa - Vlastenecká unie', 'CESTA ODPOVÌDNÉ SPOLEÈNOSTI', 'Èeská str.sociálnì demokrat.', 'Radostné Èesko', 'STAROSTOVÉ A NEZÁVISLÍ', 'Komunistická str.Èech a Moravy', 'Strana zelenıch', 'ROZUMNÍ-stop migraci,diktát.EU', 'Strana svobodnıch obèanù', 'Blok proti islam.-Obran.domova', 'Obèanská demokratická aliance', 'Èeská pirátská strana', 'Referendum o Evropské unii', 'TOP 09', 'ANO 2011', 'Dobrá volba 2016', 'SPR-Republ.str.Èsl. M.Sládka', 'Køes.demokr.unie-Ès.str.lid.', 'Èeská strana národnì sociální', 'REALISTÉ', 'SPORTOVCI', 'Dìlnic.str.sociální spravedl.', 'Svob.a pø.dem.-T.Okamura (SPD)', 'Strana Práv Obèanù']"
Ludmírov,589705,480,239,239,"['Obèanská demokratická strana', 'Øád národa - Vlastenecká unie', 'CESTA ODPOVÌDNÉ SPOLEÈNOSTI', 'Èeská str.sociálnì demokrat.', 'Radostné Èesko', 'STAROSTOVÉ A NEZÁVISLÍ', 'Komunistická str.Èech a Moravy', 'Strana zelenıch', 'ROZUMNÍ-stop migraci,diktát.EU', 'Strana svobodnıch obèanù', 'Blok proti islam.-Obran.domova', 'Obèanská demokratická aliance', 'Èeská pirátská strana', 'Referendum o Evropské unii', 'TOP 09', 'ANO 2011', 'Dobrá volba 2016', 'SPR-Republ.str.Èsl. M.Sládka', 'Køes.demokr.unie-Ès.str.lid.', 'Èeská strana národnì sociální', 'REALISTÉ', 'SPORTOVCI', 'Dìlnic.str.sociální spravedl.', 'Svob.a pø.dem.-T.Okamura (SPD)', 'Strana Práv Obèanù']"
Malé Hradisko,589713,309,185,185,"['Obèanská demokratická strana', 'Øád národa - Vlastenecká unie', 'CESTA ODPOVÌDNÉ SPOLEÈNOSTI', 'Èeská str.sociálnì demokrat.', 'Radostné Èesko', 'STAROSTOVÉ A NEZÁVISLÍ', 'Komunistická str.Èech a Moravy', 'Strana zelenıch', 'ROZUMNÍ-stop migraci,diktát.EU', 'Strana svobodnıch obèanù', 'Blok proti islam.-Obran.domova', 'Obèanská demokratická aliance', 'Èeská pirátská strana', 'Referendum o Evropské unii', 'TOP 09', 'ANO 2011', 'Dobrá volba 2016', 'SPR-Republ.str.Èsl. M.Sládka', 'Køes.demokr.unie-Ès.str.lid.', 'Èeská strana národnì sociální', 'REALISTÉ', 'SPORTOVCI', 'Dìlnic.str.sociální spravedl.', 'Svob.a pø.dem.-T.Okamura (SPD)', 'Strana Práv Obèanù']"
Moøice,589721,422,226,223,"['Obèanská demokratická strana', 'Øád národa - Vlastenecká unie', 'CESTA ODPOVÌDNÉ SPOLEÈNOSTI', 'Èeská str.sociálnì demokrat.', 'Radostné Èesko', 'STAROSTOVÉ A NEZÁVISLÍ', 'Komunistická str.Èech a Moravy', 'Strana zelenıch', 'ROZUMNÍ-stop migraci,diktát.EU', 'Strana svobodnıch obèanù', 'Blok proti islam.-Obran.domova', 'Obèanská demokratická aliance', 'Èeská pirátská strana', 'Referendum o Evropské unii', 'TOP 09', 'ANO 2011', 'Dobrá volba 2016', 'SPR-Republ.str.Èsl. M.Sládka', 'Køes.demokr.unie-Ès.str.lid.', 'Èeská strana národnì sociální', 'REALISTÉ', 'SPORTOVCI', 'Dìlnic.str.sociální spravedl.', 'Svob.a pø.dem.-T.Okamura (SPD)', 'Strana Práv Obèanù']"
Mostkovice,589730,1 248,842,836,"['Obèanská demokratická strana', 'Øád národa - Vlastenecká unie', 'CESTA ODPOVÌDNÉ SPOLEÈNOSTI', 'Èeská str.sociálnì demokrat.', 'Radostné Èesko', 'STAROSTOVÉ A NEZÁVISLÍ', 'Komunistická str.Èech a Moravy', 'Strana zelenıch', 'ROZUMNÍ-stop migraci,diktát.EU', 'Strana svobodnıch obèanù', 'Blok proti islam.-Obran.domova', 'Obèanská demokratická aliance', 'Èeská pirátská strana', 'Referendum o Evropské unii', 'TOP 09', 'ANO 2011', 'Dobrá volba 2016', 'SPR-Republ.str.Èsl. M.Sládka', 'Køes.demokr.unie-Ès.str.lid.', 'Èeská strana národnì sociální', 'REALISTÉ', 'SPORTOVCI', 'Dìlnic.str.sociální spravedl.', 'Svob.a pø.dem.-T.Okamura (SPD)', 'Strana Práv Obèanù']"
Myslejovice,589748,569,371,370,"['Obèanská demokratická strana', 'Øád národa - Vlastenecká unie', 'CESTA ODPOVÌDNÉ SPOLEÈNOSTI', 'Èeská str.sociálnì demokrat.', 'Radostné Èesko', 'STAROSTOVÉ A NEZÁVISLÍ', 'Komunistická str.Èech a Moravy', 'Strana zelenıch', 'ROZUMNÍ-stop migraci,diktát.EU', 'Strana svobodnıch obèanù', 'Blok proti islam.-Obran.domova', 'Obèanská demokratická aliance', 'Èeská pirátská strana', 'Referendum o Evropské unii', 'TOP 09', 'ANO 2011', 'Dobrá volba 2016', 'SPR-Republ.str.Èsl. M.Sládka', 'Køes.demokr.unie-Ès.str.lid.', 'Èeská strana národnì sociální', 'REALISTÉ', 'SPORTOVCI', 'Dìlnic.str.sociální spravedl.', 'Svob.a pø.dem.-T.Okamura (SPD)', 'Strana Práv Obèanù']"
Nìmèice nad Hanou,589756,1 612,942,939,"['Obèanská demokratická strana', 'Øád národa - Vlastenecká unie', 'CESTA ODPOVÌDNÉ SPOLEÈNOSTI', 'Èeská str.sociálnì demokrat.', 'Radostné Èesko', 'STAROSTOVÉ A NEZÁVISLÍ', 'Komunistická str.Èech a Moravy', 'Strana zelenıch', 'ROZUMNÍ-stop migraci,diktát.EU', 'Strana svobodnıch obèanù', 'Blok proti islam.-Obran.domova', 'Obèanská demokratická aliance', 'Èeská pirátská strana', 'Referendum o Evropské unii', 'TOP 09', 'ANO 2011', 'Dobrá volba 2016', 'SPR-Republ.str.Èsl. M.Sládka', 'Køes.demokr.unie-Ès.str.lid.', 'Èeská strana národnì sociální', 'REALISTÉ', 'SPORTOVCI', 'Dìlnic.str.sociální spravedl.', 'Svob.a pø.dem.-T.Okamura (SPD)', 'Strana Práv Obèanù']"
Nezamyslice,589764,1 140,619,615,"['Obèanská demokratická strana', 'Øád národa - Vlastenecká unie', 'CESTA ODPOVÌDNÉ SPOLEÈNOSTI', 'Èeská str.sociálnì demokrat.', 'Radostné Èesko', 'STAROSTOVÉ A NEZÁVISLÍ', 'Komunistická str.Èech a Moravy', 'Strana zelenıch', 'ROZUMNÍ-stop migraci,diktát.EU', 'Strana svobodnıch obèanù', 'Blok proti islam.-Obran.domova', 'Obèanská demokratická aliance', 'Èeská pirátská strana', 'Referendum o Evropské unii', 'TOP 09', 'ANO 2011', 'Dobrá volba 2016', 'SPR-Republ.str.Èsl. M.Sládka', 'Køes.demokr.unie-Ès.str.lid.', 'Èeská strana národnì sociální', 'REALISTÉ', 'SPORTOVCI', 'Dìlnic.str.sociální spravedl.', 'Svob.a pø.dem.-T.Okamura (SPD)', 'Strana Práv Obèanù']"
Niva,589772,257,160,160,"['Obèanská demokratická strana', 'Øád národa - Vlastenecká unie', 'CESTA ODPOVÌDNÉ SPOLEÈNOSTI', 'Èeská str.sociálnì demokrat.', 'Radostné Èesko', 'STAROSTOVÉ A NEZÁVISLÍ', 'Komunistická str.Èech a Moravy', 'Strana zelenıch', 'ROZUMNÍ-stop migraci,diktát.EU', 'Strana svobodnıch obèanù', 'Blok proti islam.-Obran.domova', 'Obèanská demokratická aliance', 'Èeská pirátská strana', 'Referendum o Evropské unii', 'TOP 09', 'ANO 2011', 'Dobrá volba 2016', 'SPR-Republ.str.Èsl. M.Sládka', 'Køes.demokr.unie-Ès.str.lid.', 'Èeská strana národnì sociální', 'REALISTÉ', 'SPORTOVCI', 'Dìlnic.str.sociální spravedl.', 'Svob.a pø.dem.-T.Okamura (SPD)', 'Strana Práv Obèanù']"
Obìdkovice,589799,207,95,94,"['Obèanská demokratická strana', 'Øád národa - Vlastenecká unie', 'CESTA ODPOVÌDNÉ SPOLEÈNOSTI', 'Èeská str.sociálnì demokrat.', 'Radostné Èesko', 'STAROSTOVÉ A NEZÁVISLÍ', 'Komunistická str.Èech a Moravy', 'Strana zelenıch', 'ROZUMNÍ-stop migraci,diktát.EU', 'Strana svobodnıch obèanù', 'Blok proti islam.-Obran.domova', 'Obèanská demokratická aliance', 'Èeská pirátská strana', 'Referendum o Evropské unii', 'TOP 09', 'ANO 2011', 'Dobrá volba 2016', 'SPR-Republ.str.Èsl. M.Sládka', 'Køes.demokr.unie-Ès.str.lid.', 'Èeská strana národnì sociální', 'REALISTÉ', 'SPORTOVCI', 'Dìlnic.str.sociální spravedl.', 'Svob.a pø.dem.-T.Okamura (SPD)', 'Strana Práv Obèanù']"
Ohrozim,589802,370,267,266,"['Obèanská demokratická strana', 'Øád národa - Vlastenecká unie', 'CESTA ODPOVÌDNÉ SPOLEÈNOSTI', 'Èeská str.sociálnì demokrat.', 'Radostné Èesko', 'STAROSTOVÉ A NEZÁVISLÍ', 'Komunistická str.Èech a Moravy', 'Strana zelenıch', 'ROZUMNÍ-stop migraci,diktát.EU', 'Strana svobodnıch obèanù', 'Blok proti islam.-Obran.domova', 'Obèanská demokratická aliance', 'Èeská pirátská strana', 'Referendum o Evropské unii', 'TOP 09', 'ANO 2011', 'Dobrá volba 2016', 'SPR-Republ.str.Èsl. M.Sládka', 'Køes.demokr.unie-Ès.str.lid.', 'Èeská strana národnì sociální', 'REALISTÉ', 'SPORTOVCI', 'Dìlnic.str.sociální spravedl.', 'Svob.a pø.dem.-T.Okamura (SPD)', 'Strana Práv Obèanù']"
Ochoz,589811,152,102,99,"['Obèanská demokratická strana', 'Øád národa - Vlastenecká unie', 'CESTA ODPOVÌDNÉ SPOLEÈNOSTI', 'Èeská str.sociálnì demokrat.', 'Radostné Èesko', 'STAROSTOVÉ A NEZÁVISLÍ', 'Komunistická str.Èech a Moravy', 'Strana zelenıch', 'ROZUMNÍ-stop migraci,diktát.EU', 'Strana svobodnıch obèanù', 'Blok proti islam.-Obran.domova', 'Obèanská demokratická aliance', 'Èeská pirátská strana', 'Referendum o Evropské unii', 'TOP 09', 'ANO 2011', 'Dobrá volba 2016', 'SPR-Republ.str.Èsl. M.Sládka', 'Køes.demokr.unie-Ès.str.lid.', 'Èeská strana národnì sociální', 'REALISTÉ', 'SPORTOVCI', 'Dìlnic.str.sociální spravedl.', 'Svob.a pø.dem.-T.Okamura (SPD)', 'Strana Práv Obèanù']"
Olšany u Prostìjova,589829,1 375,844,839,"['Obèanská demokratická strana', 'Øád národa - Vlastenecká unie', 'CESTA ODPOVÌDNÉ SPOLEÈNOSTI', 'Èeská str.sociálnì demokrat.', 'Radostné Èesko', 'STAROSTOVÉ A NEZÁVISLÍ', 'Komunistická str.Èech a Moravy', 'Strana zelenıch', 'ROZUMNÍ-stop migraci,diktát.EU', 'Strana svobodnıch obèanù', 'Blok proti islam.-Obran.domova', 'Obèanská demokratická aliance', 'Èeská pirátská strana', 'Referendum o Evropské unii', 'TOP 09', 'ANO 2011', 'Dobrá volba 2016', 'SPR-Republ.str.Èsl. M.Sládka', 'Køes.demokr.unie-Ès.str.lid.', 'Èeská strana národnì sociální', 'REALISTÉ', 'SPORTOVCI', 'Dìlnic.str.sociální spravedl.', 'Svob.a pø.dem.-T.Okamura (SPD)', 'Strana Práv Obèanù']"
Ondratice,589837,289,173,171,"['Obèanská demokratická strana', 'Øád národa - Vlastenecká unie', 'CESTA ODPOVÌDNÉ SPOLEÈNOSTI', 'Èeská str.sociálnì demokrat.', 'Radostné Èesko', 'STAROSTOVÉ A NEZÁVISLÍ', 'Komunistická str.Èech a Moravy', 'Strana zelenıch', 'ROZUMNÍ-stop migraci,diktát.EU', 'Strana svobodnıch obèanù', 'Blok proti islam.-Obran.domova', 'Obèanská demokratická aliance', 'Èeská pirátská strana', 'Referendum o Evropské unii', 'TOP 09', 'ANO 2011', 'Dobrá volba 2016', 'SPR-Republ.str.Èsl. M.Sládka', 'Køes.demokr.unie-Ès.str.lid.', 'Èeská strana národnì sociální', 'REALISTÉ', 'SPORTOVCI', 'Dìlnic.str.sociální spravedl.', 'Svob.a pø.dem.-T.Okamura (SPD)', 'Strana Práv Obèanù']"
Otaslavice,589845,1 029,650,647,"['Obèanská demokratická strana', 'Øád národa - Vlastenecká unie', 'CESTA ODPOVÌDNÉ SPOLEÈNOSTI', 'Èeská str.sociálnì demokrat.', 'Radostné Èesko', 'STAROSTOVÉ A NEZÁVISLÍ', 'Komunistická str.Èech a Moravy', 'Strana zelenıch', 'ROZUMNÍ-stop migraci,diktát.EU', 'Strana svobodnıch obèanù', 'Blok proti islam.-Obran.domova', 'Obèanská demokratická aliance', 'Èeská pirátská strana', 'Referendum o Evropské unii', 'TOP 09', 'ANO 2011', 'Dobrá volba 2016', 'SPR-Republ.str.Èsl. M.Sládka', 'Køes.demokr.unie-Ès.str.lid.', 'Èeská strana národnì sociální', 'REALISTÉ', 'SPORTOVCI', 'Dìlnic.str.sociální spravedl.', 'Svob.a pø.dem.-T.Okamura (SPD)', 'Strana Práv Obèanù']"
Otinoves,589853,229,144,143,"['Obèanská demokratická strana', 'Øád národa - Vlastenecká unie', 'CESTA ODPOVÌDNÉ SPOLEÈNOSTI', 'Èeská str.sociálnì demokrat.', 'Radostné Èesko', 'STAROSTOVÉ A NEZÁVISLÍ', 'Komunistická str.Èech a Moravy', 'Strana zelenıch', 'ROZUMNÍ-stop migraci,diktát.EU', 'Strana svobodnıch obèanù', 'Blok proti islam.-Obran.domova', 'Obèanská demokratická aliance', 'Èeská pirátská strana', 'Referendum o Evropské unii', 'TOP 09', 'ANO 2011', 'Dobrá volba 2016', 'SPR-Republ.str.Èsl. M.Sládka', 'Køes.demokr.unie-Ès.str.lid.', 'Èeská strana národnì sociální', 'REALISTÉ', 'SPORTOVCI', 'Dìlnic.str.sociální spravedl.', 'Svob.a pø.dem.-T.Okamura (SPD)', 'Strana Práv Obèanù']"
Pavlovice u Kojetína,557196,232,135,134,"['Obèanská demokratická strana', 'Øád národa - Vlastenecká unie', 'CESTA ODPOVÌDNÉ SPOLEÈNOSTI', 'Èeská str.sociálnì demokrat.', 'Radostné Èesko', 'STAROSTOVÉ A NEZÁVISLÍ', 'Komunistická str.Èech a Moravy', 'Strana zelenıch', 'ROZUMNÍ-stop migraci,diktát.EU', 'Strana svobodnıch obèanù', 'Blok proti islam.-Obran.domova', 'Obèanská demokratická aliance', 'Èeská pirátská strana', 'Referendum o Evropské unii', 'TOP 09', 'ANO 2011', 'Dobrá volba 2016', 'SPR-Republ.str.Èsl. M.Sládka', 'Køes.demokr.unie-Ès.str.lid.', 'Èeská strana národnì sociální', 'REALISTÉ', 'SPORTOVCI', 'Dìlnic.str.sociální spravedl.', 'Svob.a pø.dem.-T.Okamura (SPD)', 'Strana Práv Obèanù']"
Pìnèín,589870,594,352,349,"['Obèanská demokratická strana', 'Øád národa - Vlastenecká unie', 'CESTA ODPOVÌDNÉ SPOLEÈNOSTI', 'Èeská str.sociálnì demokrat.', 'Radostné Èesko', 'STAROSTOVÉ A NEZÁVISLÍ', 'Komunistická str.Èech a Moravy', 'Strana zelenıch', 'ROZUMNÍ-stop migraci,diktát.EU', 'Strana svobodnıch obèanù', 'Blok proti islam.-Obran.domova', 'Obèanská demokratická aliance', 'Èeská pirátská strana', 'Referendum o Evropské unii', 'TOP 09', 'ANO 2011', 'Dobrá volba 2016', 'SPR-Republ.str.Èsl. M.Sládka', 'Køes.demokr.unie-Ès.str.lid.', 'Èeská strana národnì sociální', 'REALISTÉ', 'SPORTOVCI', 'Dìlnic.str.sociální spravedl.', 'Svob.a pø.dem.-T.Okamura (SPD)', 'Strana Práv Obèanù']"
Pivín,589888,565,382,381,"['Obèanská demokratická strana', 'Øád národa - Vlastenecká unie', 'CESTA ODPOVÌDNÉ SPOLEÈNOSTI', 'Èeská str.sociálnì demokrat.', 'Radostné Èesko', 'STAROSTOVÉ A NEZÁVISLÍ', 'Komunistická str.Èech a Moravy', 'Strana zelenıch', 'ROZUMNÍ-stop migraci,diktát.EU', 'Strana svobodnıch obèanù', 'Blok proti islam.-Obran.domova', 'Obèanská demokratická aliance', 'Èeská pirátská strana', 'Referendum o Evropské unii', 'TOP 09', 'ANO 2011', 'Dobrá volba 2016', 'SPR-Republ.str.Èsl. M.Sládka', 'Køes.demokr.unie-Ès.str.lid.', 'Èeská strana národnì sociální', 'REALISTÉ', 'SPORTOVCI', 'Dìlnic.str.sociální spravedl.', 'Svob.a pø.dem.-T.Okamura (SPD)', 'Strana Práv Obèanù']"
Plumlov,589896,1 934,1 180,1 175,"['Obèanská demokratická strana', 'Øád národa - Vlastenecká unie', 'CESTA ODPOVÌDNÉ SPOLEÈNOSTI', 'Èeská str.sociálnì demokrat.', 'Radostné Èesko', 'STAROSTOVÉ A NEZÁVISLÍ', 'Komunistická str.Èech a Moravy', 'Strana zelenıch', 'ROZUMNÍ-stop migraci,diktát.EU', 'Strana svobodnıch obèanù', 'Blok proti islam.-Obran.domova', 'Obèanská demokratická aliance', 'Èeská pirátská strana', 'Referendum o Evropské unii', 'TOP 09', 'ANO 2011', 'Dobrá volba 2016', 'SPR-Republ.str.Èsl. M.Sládka', 'Køes.demokr.unie-Ès.str.lid.', 'Èeská strana národnì sociální', 'REALISTÉ', 'SPORTOVCI', 'Dìlnic.str.sociální spravedl.', 'Svob.a pø.dem.-T.Okamura (SPD)', 'Strana Práv Obèanù']"
Polomí,549983,124,78,78,"['Obèanská demokratická strana', 'Øád národa - Vlastenecká unie', 'CESTA ODPOVÌDNÉ SPOLEÈNOSTI', 'Èeská str.sociálnì demokrat.', 'Radostné Èesko', 'STAROSTOVÉ A NEZÁVISLÍ', 'Komunistická str.Èech a Moravy', 'Strana zelenıch', 'ROZUMNÍ-stop migraci,diktát.EU', 'Strana svobodnıch obèanù', 'Blok proti islam.-Obran.domova', 'Obèanská demokratická aliance', 'Èeská pirátská strana', 'Referendum o Evropské unii', 'TOP 09', 'ANO 2011', 'Dobrá volba 2016', 'SPR-Republ.str.Èsl. M.Sládka', 'Køes.demokr.unie-Ès.str.lid.', 'Èeská strana národnì sociální', 'REALISTÉ', 'SPORTOVCI', 'Dìlnic.str.sociální spravedl.', 'Svob.a pø.dem.-T.Okamura (SPD)', 'Strana Práv Obèanù']"
Prostìjov,589250,35 975,21 073,20 934,"['Obèanská demokratická strana', 'Øád národa - Vlastenecká unie', 'CESTA ODPOVÌDNÉ SPOLEÈNOSTI', 'Èeská str.sociálnì demokrat.', 'Radostné Èesko', 'STAROSTOVÉ A NEZÁVISLÍ', 'Komunistická str.Èech a Moravy', 'Strana zelenıch', 'ROZUMNÍ-stop migraci,diktát.EU', 'Strana svobodnıch obèanù', 'Blok proti islam.-Obran.domova', 'Obèanská demokratická aliance', 'Èeská pirátská strana', 'Referendum o Evropské unii', 'TOP 09', 'ANO 2011', 'Dobrá volba 2016', 'SPR-Republ.str.Èsl. M.Sládka', 'Køes.demokr.unie-Ès.str.lid.', 'Èeská strana národnì sociální', 'REALISTÉ', 'SPORTOVCI', 'Dìlnic.str.sociální spravedl.', 'Svob.a pø.dem.-T.Okamura (SPD)', 'Strana Práv Obèanù']"
Prostìjovièky,589918,242,138,137,"['Obèanská demokratická strana', 'Øád národa - Vlastenecká unie', 'CESTA ODPOVÌDNÉ SPOLEÈNOSTI', 'Èeská str.sociálnì demokrat.', 'Radostné Èesko', 'STAROSTOVÉ A NEZÁVISLÍ', 'Komunistická str.Èech a Moravy', 'Strana zelenıch', 'ROZUMNÍ-stop migraci,diktát.EU', 'Strana svobodnıch obèanù', 'Blok proti islam.-Obran.domova', 'Obèanská demokratická aliance', 'Èeská pirátská strana', 'Referendum o Evropské unii', 'TOP 09', 'ANO 2011', 'Dobrá volba 2016', 'SPR-Republ.str.Èsl. M.Sládka', 'Køes.demokr.unie-Ès.str.lid.', 'Èeská strana národnì sociální', 'REALISTÉ', 'SPORTOVCI', 'Dìlnic.str.sociální spravedl.', 'Svob.a pø.dem.-T.Okamura (SPD)', 'Strana Práv Obèanù']"
Protivanov,589926,805,549,547,"['Obèanská demokratická strana', 'Øád národa - Vlastenecká unie', 'CESTA ODPOVÌDNÉ SPOLEÈNOSTI', 'Èeská str.sociálnì demokrat.', 'Radostné Èesko', 'STAROSTOVÉ A NEZÁVISLÍ', 'Komunistická str.Èech a Moravy', 'Strana zelenıch', 'ROZUMNÍ-stop migraci,diktát.EU', 'Strana svobodnıch obèanù', 'Blok proti islam.-Obran.domova', 'Obèanská demokratická aliance', 'Èeská pirátská strana', 'Referendum o Evropské unii', 'TOP 09', 'ANO 2011', 'Dobrá volba 2016', 'SPR-Republ.str.Èsl. M.Sládka', 'Køes.demokr.unie-Ès.str.lid.', 'Èeská strana národnì sociální', 'REALISTÉ', 'SPORTOVCI', 'Dìlnic.str.sociální spravedl.', 'Svob.a pø.dem.-T.Okamura (SPD)', 'Strana Práv Obèanù']"
Pøemyslovice,589934,1 029,621,617,"['Obèanská demokratická strana', 'Øád národa - Vlastenecká unie', 'CESTA ODPOVÌDNÉ SPOLEÈNOSTI', 'Èeská str.sociálnì demokrat.', 'Radostné Èesko', 'STAROSTOVÉ A NEZÁVISLÍ', 'Komunistická str.Èech a Moravy', 'Strana zelenıch', 'ROZUMNÍ-stop migraci,diktát.EU', 'Strana svobodnıch obèanù', 'Blok proti islam.-Obran.domova', 'Obèanská demokratická aliance', 'Èeská pirátská strana', 'Referendum o Evropské unii', 'TOP 09', 'ANO 2011', 'Dobrá volba 2016', 'SPR-Republ.str.Èsl. M.Sládka', 'Køes.demokr.unie-Ès.str.lid.', 'Èeská strana národnì sociální', 'REALISTÉ', 'SPORTOVCI', 'Dìlnic.str.sociální spravedl.', 'Svob.a pø.dem.-T.Okamura (SPD)', 'Strana Práv Obèanù']"
Ptení,589942,880,524,520,"['Obèanská demokratická strana', 'Øád národa - Vlastenecká unie', 'CESTA ODPOVÌDNÉ SPOLEÈNOSTI', 'Èeská str.sociálnì demokrat.', 'Radostné Èesko', 'STAROSTOVÉ A NEZÁVISLÍ', 'Komunistická str.Èech a Moravy', 'Strana zelenıch', 'ROZUMNÍ-stop migraci,diktát.EU', 'Strana svobodnıch obèanù', 'Blok proti islam.-Obran.domova', 'Obèanská demokratická aliance', 'Èeská pirátská strana', 'Referendum o Evropské unii', 'TOP 09', 'ANO 2011', 'Dobrá volba 2016', 'SPR-Republ.str.Èsl. M.Sládka', 'Køes.demokr.unie-Ès.str.lid.', 'Èeská strana národnì sociální', 'REALISTÉ', 'SPORTOVCI', 'Dìlnic.str.sociální spravedl.', 'Svob.a pø.dem.-T.Okamura (SPD)', 'Strana Práv Obèanù']"
Raková u Konice,589951,163,104,101,"['Obèanská demokratická strana', 'Øád národa - Vlastenecká unie', 'CESTA ODPOVÌDNÉ SPOLEÈNOSTI', 'Èeská str.sociálnì demokrat.', 'Radostné Èesko', 'STAROSTOVÉ A NEZÁVISLÍ', 'Komunistická str.Èech a Moravy', 'Strana zelenıch', 'ROZUMNÍ-stop migraci,diktát.EU', 'Strana svobodnıch obèanù', 'Blok proti islam.-Obran.domova', 'Obèanská demokratická aliance', 'Èeská pirátská strana', 'Referendum o Evropské unii', 'TOP 09', 'ANO 2011', 'Dobrá volba 2016', 'SPR-Republ.str.Èsl. M.Sládka', 'Køes.demokr.unie-Ès.str.lid.', 'Èeská strana národnì sociální', 'REALISTÉ', 'SPORTOVCI', 'Dìlnic.str.sociální spravedl.', 'Svob.a pø.dem.-T.Okamura (SPD)', 'Strana Práv Obèanù']"
Rakùvka,589969,80,61,61,"['Obèanská demokratická strana', 'Øád národa - Vlastenecká unie', 'CESTA ODPOVÌDNÉ SPOLEÈNOSTI', 'Èeská str.sociálnì demokrat.', 'Radostné Èesko', 'STAROSTOVÉ A NEZÁVISLÍ', 'Komunistická str.Èech a Moravy', 'Strana zelenıch', 'ROZUMNÍ-stop migraci,diktát.EU', 'Strana svobodnıch obèanù', 'Blok proti islam.-Obran.domova', 'Obèanská demokratická aliance', 'Èeská pirátská strana', 'Referendum o Evropské unii', 'TOP 09', 'ANO 2011', 'Dobrá volba 2016', 'SPR-Republ.str.Èsl. M.Sládka', 'Køes.demokr.unie-Ès.str.lid.', 'Èeská strana národnì sociální', 'REALISTÉ', 'SPORTOVCI', 'Dìlnic.str.sociální spravedl.', 'Svob.a pø.dem.-T.Okamura (SPD)', 'Strana Práv Obèanù']"
Rozstání,589977,503,294,290,"['Obèanská demokratická strana', 'Øád národa - Vlastenecká unie', 'CESTA ODPOVÌDNÉ SPOLEÈNOSTI', 'Èeská str.sociálnì demokrat.', 'Radostné Èesko', 'STAROSTOVÉ A NEZÁVISLÍ', 'Komunistická str.Èech a Moravy', 'Strana zelenıch', 'ROZUMNÍ-stop migraci,diktát.EU', 'Strana svobodnıch obèanù', 'Blok proti islam.-Obran.domova', 'Obèanská demokratická aliance', 'Èeská pirátská strana', 'Referendum o Evropské unii', 'TOP 09', 'ANO 2011', 'Dobrá volba 2016', 'SPR-Republ.str.Èsl. M.Sládka', 'Køes.demokr.unie-Ès.str.lid.', 'Èeská strana národnì sociální', 'REALISTÉ', 'SPORTOVCI', 'Dìlnic.str.sociální spravedl.', 'Svob.a pø.dem.-T.Okamura (SPD)', 'Strana Práv Obèanù']"
Seloutky,506770,410,288,287,"['Obèanská demokratická strana', 'Øád národa - Vlastenecká unie', 'CESTA ODPOVÌDNÉ SPOLEÈNOSTI', 'Èeská str.sociálnì demokrat.', 'Radostné Èesko', 'STAROSTOVÉ A NEZÁVISLÍ', 'Komunistická str.Èech a Moravy', 'Strana zelenıch', 'ROZUMNÍ-stop migraci,diktát.EU', 'Strana svobodnıch obèanù', 'Blok proti islam.-Obran.domova', 'Obèanská demokratická aliance', 'Èeská pirátská strana', 'Referendum o Evropské unii', 'TOP 09', 'ANO 2011', 'Dobrá volba 2016', 'SPR-Republ.str.Èsl. M.Sládka', 'Køes.demokr.unie-Ès.str.lid.', 'Èeská strana národnì sociální', 'REALISTÉ', 'SPORTOVCI', 'Dìlnic.str.sociální spravedl.', 'Svob.a pø.dem.-T.Okamura (SPD)', 'Strana Práv Obèanù']"
Skalka,589993,212,131,131,"['Obèanská demokratická strana', 'Øád národa - Vlastenecká unie', 'CESTA ODPOVÌDNÉ SPOLEÈNOSTI', 'Èeská str.sociálnì demokrat.', 'Radostné Èesko', 'STAROSTOVÉ A NEZÁVISLÍ', 'Komunistická str.Èech a Moravy', 'Strana zelenıch', 'ROZUMNÍ-stop migraci,diktát.EU', 'Strana svobodnıch obèanù', 'Blok proti islam.-Obran.domova', 'Obèanská demokratická aliance', 'Èeská pirátská strana', 'Referendum o Evropské unii', 'TOP 09', 'ANO 2011', 'Dobrá volba 2016', 'SPR-Republ.str.Èsl. M.Sládka', 'Køes.demokr.unie-Ès.str.lid.', 'Èeská strana národnì sociální', 'REALISTÉ', 'SPORTOVCI', 'Dìlnic.str.sociální spravedl.', 'Svob.a pø.dem.-T.Okamura (SPD)', 'Strana Práv Obèanù']"
Skøípov,590002,274,145,144,"['Obèanská demokratická strana', 'Øád národa - Vlastenecká unie', 'CESTA ODPOVÌDNÉ SPOLEÈNOSTI', 'Èeská str.sociálnì demokrat.', 'Radostné Èesko', 'STAROSTOVÉ A NEZÁVISLÍ', 'Komunistická str.Èech a Moravy', 'Strana zelenıch', 'ROZUMNÍ-stop migraci,diktát.EU', 'Strana svobodnıch obèanù', 'Blok proti islam.-Obran.domova', 'Obèanská demokratická aliance', 'Èeská pirátská strana', 'Referendum o Evropské unii', 'TOP 09', 'ANO 2011', 'Dobrá volba 2016', 'SPR-Republ.str.Èsl. M.Sládka', 'Køes.demokr.unie-Ès.str.lid.', 'Èeská strana národnì sociální', 'REALISTÉ', 'SPORTOVCI', 'Dìlnic.str.sociální spravedl.', 'Svob.a pø.dem.-T.Okamura (SPD)', 'Strana Práv Obèanù']"
Slatinky,590011,453,314,313,"['Obèanská demokratická strana', 'Øád národa - Vlastenecká unie', 'CESTA ODPOVÌDNÉ SPOLEÈNOSTI', 'Èeská str.sociálnì demokrat.', 'Radostné Èesko', 'STAROSTOVÉ A NEZÁVISLÍ', 'Komunistická str.Èech a Moravy', 'Strana zelenıch', 'ROZUMNÍ-stop migraci,diktát.EU', 'Strana svobodnıch obèanù', 'Blok proti islam.-Obran.domova', 'Obèanská demokratická aliance', 'Èeská pirátská strana', 'Referendum o Evropské unii', 'TOP 09', 'ANO 2011', 'Dobrá volba 2016', 'SPR-Republ.str.Èsl. M.Sládka', 'Køes.demokr.unie-Ès.str.lid.', 'Èeská strana národnì sociální', 'REALISTÉ', 'SPORTOVCI', 'Dìlnic.str.sociální spravedl.', 'Svob.a pø.dem.-T.Okamura (SPD)', 'Strana Práv Obèanù']"
Smrice,590029,1 319,797,786,"['Obèanská demokratická strana', 'Øád národa - Vlastenecká unie', 'CESTA ODPOVÌDNÉ SPOLEÈNOSTI', 'Èeská str.sociálnì demokrat.', 'Radostné Èesko', 'STAROSTOVÉ A NEZÁVISLÍ', 'Komunistická str.Èech a Moravy', 'Strana zelenıch', 'ROZUMNÍ-stop migraci,diktát.EU', 'Strana svobodnıch obèanù', 'Blok proti islam.-Obran.domova', 'Obèanská demokratická aliance', 'Èeská pirátská strana', 'Referendum o Evropské unii', 'TOP 09', 'ANO 2011', 'Dobrá volba 2016', 'SPR-Republ.str.Èsl. M.Sládka', 'Køes.demokr.unie-Ès.str.lid.', 'Èeská strana národnì sociální', 'REALISTÉ', 'SPORTOVCI', 'Dìlnic.str.sociální spravedl.', 'Svob.a pø.dem.-T.Okamura (SPD)', 'Strana Práv Obèanù']"
Srbce,590045,73,39,39,"['Obèanská demokratická strana', 'Øád národa - Vlastenecká unie', 'CESTA ODPOVÌDNÉ SPOLEÈNOSTI', 'Èeská str.sociálnì demokrat.', 'Radostné Èesko', 'STAROSTOVÉ A NEZÁVISLÍ', 'Komunistická str.Èech a Moravy', 'Strana zelenıch', 'ROZUMNÍ-stop migraci,diktát.EU', 'Strana svobodnıch obèanù', 'Blok proti islam.-Obran.domova', 'Obèanská demokratická aliance', 'Èeská pirátská strana', 'Referendum o Evropské unii', 'TOP 09', 'ANO 2011', 'Dobrá volba 2016', 'SPR-Republ.str.Èsl. M.Sládka', 'Køes.demokr.unie-Ès.str.lid.', 'Èeská strana národnì sociální', 'REALISTÉ', 'SPORTOVCI', 'Dìlnic.str.sociální spravedl.', 'Svob.a pø.dem.-T.Okamura (SPD)', 'Strana Práv Obèanù']"
Staøechovice,590053,447,279,278,"['Obèanská demokratická strana', 'Øád národa - Vlastenecká unie', 'CESTA ODPOVÌDNÉ SPOLEÈNOSTI', 'Èeská str.sociálnì demokrat.', 'Radostné Èesko', 'STAROSTOVÉ A NEZÁVISLÍ', 'Komunistická str.Èech a Moravy', 'Strana zelenıch', 'ROZUMNÍ-stop migraci,diktát.EU', 'Strana svobodnıch obèanù', 'Blok proti islam.-Obran.domova', 'Obèanská demokratická aliance', 'Èeská pirátská strana', 'Referendum o Evropské unii', 'TOP 09', 'ANO 2011', 'Dobrá volba 2016', 'SPR-Republ.str.Èsl. M.Sládka', 'Køes.demokr.unie-Ès.str.lid.', 'Èeská strana národnì sociální', 'REALISTÉ', 'SPORTOVCI', 'Dìlnic.str.sociální spravedl.', 'Svob.a pø.dem.-T.Okamura (SPD)', 'Strana Práv Obèanù']"
Stínava,590061,126,74,73,"['Obèanská demokratická strana', 'Øád národa - Vlastenecká unie', 'CESTA ODPOVÌDNÉ SPOLEÈNOSTI', 'Èeská str.sociálnì demokrat.', 'Radostné Èesko', 'STAROSTOVÉ A NEZÁVISLÍ', 'Komunistická str.Èech a Moravy', 'Strana zelenıch', 'ROZUMNÍ-stop migraci,diktát.EU', 'Strana svobodnıch obèanù', 'Blok proti islam.-Obran.domova', 'Obèanská demokratická aliance', 'Èeská pirátská strana', 'Referendum o Evropské unii', 'TOP 09', 'ANO 2011', 'Dobrá volba 2016', 'SPR-Republ.str.Èsl. M.Sládka', 'Køes.demokr.unie-Ès.str.lid.', 'Èeská strana národnì sociální', 'REALISTÉ', 'SPORTOVCI', 'Dìlnic.str.sociální spravedl.', 'Svob.a pø.dem.-T.Okamura (SPD)', 'Strana Práv Obèanù']"
Straisko,590070,345,222,220,"['Obèanská demokratická strana', 'Øád národa - Vlastenecká unie', 'CESTA ODPOVÌDNÉ SPOLEÈNOSTI', 'Èeská str.sociálnì demokrat.', 'Radostné Èesko', 'STAROSTOVÉ A NEZÁVISLÍ', 'Komunistická str.Èech a Moravy', 'Strana zelenıch', 'ROZUMNÍ-stop migraci,diktát.EU', 'Strana svobodnıch obèanù', 'Blok proti islam.-Obran.domova', 'Obèanská demokratická aliance', 'Èeská pirátská strana', 'Referendum o Evropské unii', 'TOP 09', 'ANO 2011', 'Dobrá volba 2016', 'SPR-Republ.str.Èsl. M.Sládka', 'Køes.demokr.unie-Ès.str.lid.', 'Èeská strana národnì sociální', 'REALISTÉ', 'SPORTOVCI', 'Dìlnic.str.sociální spravedl.', 'Svob.a pø.dem.-T.Okamura (SPD)', 'Strana Práv Obèanù']"
Suchdol,590088,499,360,356,"['Obèanská demokratická strana', 'Øád národa - Vlastenecká unie', 'CESTA ODPOVÌDNÉ SPOLEÈNOSTI', 'Èeská str.sociálnì demokrat.', 'Radostné Èesko', 'STAROSTOVÉ A NEZÁVISLÍ', 'Komunistická str.Èech a Moravy', 'Strana zelenıch', 'ROZUMNÍ-stop migraci,diktát.EU', 'Strana svobodnıch obèanù', 'Blok proti islam.-Obran.domova', 'Obèanská demokratická aliance', 'Èeská pirátská strana', 'Referendum o Evropské unii', 'TOP 09', 'ANO 2011', 'Dobrá volba 2016', 'SPR-Republ.str.Èsl. M.Sládka', 'Køes.demokr.unie-Ès.str.lid.', 'Èeská strana národnì sociální', 'REALISTÉ', 'SPORTOVCI', 'Dìlnic.str.sociální spravedl.', 'Svob.a pø.dem.-T.Okamura (SPD)', 'Strana Práv Obèanù']"
Šubíøov,590096,204,110,109,"['Obèanská demokratická strana', 'Øád národa - Vlastenecká unie', 'CESTA ODPOVÌDNÉ SPOLEÈNOSTI', 'Èeská str.sociálnì demokrat.', 'Radostné Èesko', 'STAROSTOVÉ A NEZÁVISLÍ', 'Komunistická str.Èech a Moravy', 'Strana zelenıch', 'ROZUMNÍ-stop migraci,diktát.EU', 'Strana svobodnıch obèanù', 'Blok proti islam.-Obran.domova', 'Obèanská demokratická aliance', 'Èeská pirátská strana', 'Referendum o Evropské unii', 'TOP 09', 'ANO 2011', 'Dobrá volba 2016', 'SPR-Republ.str.Èsl. M.Sládka', 'Køes.demokr.unie-Ès.str.lid.', 'Èeská strana národnì sociální', 'REALISTÉ', 'SPORTOVCI', 'Dìlnic.str.sociální spravedl.', 'Svob.a pø.dem.-T.Okamura (SPD)', 'Strana Práv Obèanù']"
Tištín,590100,393,215,215,"['Obèanská demokratická strana', 'Øád národa - Vlastenecká unie', 'CESTA ODPOVÌDNÉ SPOLEÈNOSTI', 'Èeská str.sociálnì demokrat.', 'Radostné Èesko', 'STAROSTOVÉ A NEZÁVISLÍ', 'Komunistická str.Èech a Moravy', 'Strana zelenıch', 'ROZUMNÍ-stop migraci,diktát.EU', 'Strana svobodnıch obèanù', 'Blok proti islam.-Obran.domova', 'Obèanská demokratická aliance', 'Èeská pirátská strana', 'Referendum o Evropské unii', 'TOP 09', 'ANO 2011', 'Dobrá volba 2016', 'SPR-Republ.str.Èsl. M.Sládka', 'Køes.demokr.unie-Ès.str.lid.', 'Èeská strana národnì sociální', 'REALISTÉ', 'SPORTOVCI', 'Dìlnic.str.sociální spravedl.', 'Svob.a pø.dem.-T.Okamura (SPD)', 'Strana Práv Obèanù']"
Tvorovice,590118,252,152,152,"['Obèanská demokratická strana', 'Øád národa - Vlastenecká unie', 'CESTA ODPOVÌDNÉ SPOLEÈNOSTI', 'Èeská str.sociálnì demokrat.', 'Radostné Èesko', 'STAROSTOVÉ A NEZÁVISLÍ', 'Komunistická str.Èech a Moravy', 'Strana zelenıch', 'ROZUMNÍ-stop migraci,diktát.EU', 'Strana svobodnıch obèanù', 'Blok proti islam.-Obran.domova', 'Obèanská demokratická aliance', 'Èeská pirátská strana', 'Referendum o Evropské unii', 'TOP 09', 'ANO 2011', 'Dobrá volba 2016', 'SPR-Republ.str.Èsl. M.Sládka', 'Køes.demokr.unie-Ès.str.lid.', 'Èeská strana národnì sociální', 'REALISTÉ', 'SPORTOVCI', 'Dìlnic.str.sociální spravedl.', 'Svob.a pø.dem.-T.Okamura (SPD)', 'Strana Práv Obèanù']"
Urèice,590126,1 101,613,611,"['Obèanská demokratická strana', 'Øád národa - Vlastenecká unie', 'CESTA ODPOVÌDNÉ SPOLEÈNOSTI', 'Èeská str.sociálnì demokrat.', 'Radostné Èesko', 'STAROSTOVÉ A NEZÁVISLÍ', 'Komunistická str.Èech a Moravy', 'Strana zelenıch', 'ROZUMNÍ-stop migraci,diktát.EU', 'Strana svobodnıch obèanù', 'Blok proti islam.-Obran.domova', 'Obèanská demokratická aliance', 'Èeská pirátská strana', 'Referendum o Evropské unii', 'TOP 09', 'ANO 2011', 'Dobrá volba 2016', 'SPR-Republ.str.Èsl. M.Sládka', 'Køes.demokr.unie-Ès.str.lid.', 'Èeská strana národnì sociální', 'REALISTÉ', 'SPORTOVCI', 'Dìlnic.str.sociální spravedl.', 'Svob.a pø.dem.-T.Okamura (SPD)', 'Strana Práv Obèanù']"
Vícemìøice,590134,354,204,204,"['Obèanská demokratická strana', 'Øád národa - Vlastenecká unie', 'CESTA ODPOVÌDNÉ SPOLEÈNOSTI', 'Èeská str.sociálnì demokrat.', 'Radostné Èesko', 'STAROSTOVÉ A NEZÁVISLÍ', 'Komunistická str.Èech a Moravy', 'Strana zelenıch', 'ROZUMNÍ-stop migraci,diktát.EU', 'Strana svobodnıch obèanù', 'Blok proti islam.-Obran.domova', 'Obèanská demokratická aliance', 'Èeská pirátská strana', 'Referendum o Evropské unii', 'TOP 09', 'ANO 2011', 'Dobrá volba 2016', 'SPR-Republ.str.Èsl. M.Sládka', 'Køes.demokr.unie-Ès.str.lid.', 'Èeská strana národnì sociální', 'REALISTÉ', 'SPORTOVCI', 'Dìlnic.str.sociální spravedl.', 'Svob.a pø.dem.-T.Okamura (SPD)', 'Strana Práv Obèanù']"
Vícov,590142,404,254,250,"['Obèanská demokratická strana', 'Øád národa - Vlastenecká unie', 'CESTA ODPOVÌDNÉ SPOLEÈNOSTI', 'Èeská str.sociálnì demokrat.', 'Radostné Èesko', 'STAROSTOVÉ A NEZÁVISLÍ', 'Komunistická str.Èech a Moravy', 'Strana zelenıch', 'ROZUMNÍ-stop migraci,diktát.EU', 'Strana svobodnıch obèanù', 'Blok proti islam.-Obran.domova', 'Obèanská demokratická aliance', 'Èeská pirátská strana', 'Referendum o Evropské unii', 'TOP 09', 'ANO 2011', 'Dobrá volba 2016', 'SPR-Republ.str.Èsl. M.Sládka', 'Køes.demokr.unie-Ès.str.lid.', 'Èeská strana národnì sociální', 'REALISTÉ', 'SPORTOVCI', 'Dìlnic.str.sociální spravedl.', 'Svob.a pø.dem.-T.Okamura (SPD)', 'Strana Práv Obèanù']"
Vincencov,544710,109,80,80,"['Obèanská demokratická strana', 'Øád národa - Vlastenecká unie', 'CESTA ODPOVÌDNÉ SPOLEÈNOSTI', 'Èeská str.sociálnì demokrat.', 'Radostné Èesko', 'STAROSTOVÉ A NEZÁVISLÍ', 'Komunistická str.Èech a Moravy', 'Strana zelenıch', 'ROZUMNÍ-stop migraci,diktát.EU', 'Strana svobodnıch obèanù', 'Blok proti islam.-Obran.domova', 'Obèanská demokratická aliance', 'Èeská pirátská strana', 'Referendum o Evropské unii', 'TOP 09', 'ANO 2011', 'Dobrá volba 2016', 'SPR-Republ.str.Èsl. M.Sládka', 'Køes.demokr.unie-Ès.str.lid.', 'Èeská strana národnì sociální', 'REALISTÉ', 'SPORTOVCI', 'Dìlnic.str.sociální spravedl.', 'Svob.a pø.dem.-T.Okamura (SPD)', 'Strana Práv Obèanù']"
Vitèice,590151,146,84,84,"['Obèanská demokratická strana', 'Øád národa - Vlastenecká unie', 'CESTA ODPOVÌDNÉ SPOLEÈNOSTI', 'Èeská str.sociálnì demokrat.', 'Radostné Èesko', 'STAROSTOVÉ A NEZÁVISLÍ', 'Komunistická str.Èech a Moravy', 'Strana zelenıch', 'ROZUMNÍ-stop migraci,diktát.EU', 'Strana svobodnıch obèanù', 'Blok proti islam.-Obran.domova', 'Obèanská demokratická aliance', 'Èeská pirátská strana', 'Referendum o Evropské unii', 'TOP 09', 'ANO 2011', 'Dobrá volba 2016', 'SPR-Republ.str.Èsl. M.Sládka', 'Køes.demokr.unie-Ès.str.lid.', 'Èeská strana národnì sociální', 'REALISTÉ', 'SPORTOVCI', 'Dìlnic.str.sociální spravedl.', 'Svob.a pø.dem.-T.Okamura (SPD)', 'Strana Práv Obèanù']"
Vranovice-Kelèice,590177,492,321,318,"['Obèanská demokratická strana', 'Øád národa - Vlastenecká unie', 'CESTA ODPOVÌDNÉ SPOLEÈNOSTI', 'Èeská str.sociálnì demokrat.', 'Radostné Èesko', 'STAROSTOVÉ A NEZÁVISLÍ', 'Komunistická str.Èech a Moravy', 'Strana zelenıch', 'ROZUMNÍ-stop migraci,diktát.EU', 'Strana svobodnıch obèanù', 'Blok proti islam.-Obran.domova', 'Obèanská demokratická aliance', 'Èeská pirátská strana', 'Referendum o Evropské unii', 'TOP 09', 'ANO 2011', 'Dobrá volba 2016', 'SPR-Republ.str.Èsl. M.Sládka', 'Køes.demokr.unie-Ès.str.lid.', 'Èeská strana národnì sociální', 'REALISTÉ', 'SPORTOVCI', 'Dìlnic.str.sociální spravedl.', 'Svob.a pø.dem.-T.Okamura (SPD)', 'Strana Práv Obèanù']"
Vrbátky,590185,1 306,863,857,"['Obèanská demokratická strana', 'Øád národa - Vlastenecká unie', 'CESTA ODPOVÌDNÉ SPOLEÈNOSTI', 'Èeská str.sociálnì demokrat.', 'Radostné Èesko', 'STAROSTOVÉ A NEZÁVISLÍ', 'Komunistická str.Èech a Moravy', 'Strana zelenıch', 'ROZUMNÍ-stop migraci,diktát.EU', 'Strana svobodnıch obèanù', 'Blok proti islam.-Obran.domova', 'Obèanská demokratická aliance', 'Èeská pirátská strana', 'Referendum o Evropské unii', 'TOP 09', 'ANO 2011', 'Dobrá volba 2016', 'SPR-Republ.str.Èsl. M.Sládka', 'Køes.demokr.unie-Ès.str.lid.', 'Èeská strana národnì sociální', 'REALISTÉ', 'SPORTOVCI', 'Dìlnic.str.sociální spravedl.', 'Svob.a pø.dem.-T.Okamura (SPD)', 'Strana Práv Obèanù']"
Vrchoslavice,590193,478,282,275,"['Obèanská demokratická strana', 'Øád národa - Vlastenecká unie', 'CESTA ODPOVÌDNÉ SPOLEÈNOSTI', 'Èeská str.sociálnì demokrat.', 'Radostné Èesko', 'STAROSTOVÉ A NEZÁVISLÍ', 'Komunistická str.Èech a Moravy', 'Strana zelenıch', 'ROZUMNÍ-stop migraci,diktát.EU', 'Strana svobodnıch obèanù', 'Blok proti islam.-Obran.domova', 'Obèanská demokratická aliance', 'Èeská pirátská strana', 'Referendum o Evropské unii', 'TOP 09', 'ANO 2011', 'Dobrá volba 2016', 'SPR-Republ.str.Èsl. M.Sládka', 'Køes.demokr.unie-Ès.str.lid.', 'Èeská strana národnì sociální', 'REALISTÉ', 'SPORTOVCI', 'Dìlnic.str.sociální spravedl.', 'Svob.a pø.dem.-T.Okamura (SPD)', 'Strana Práv Obèanù']"
Vøesovice,590207,419,281,280,"['Obèanská demokratická strana', 'Øád národa - Vlastenecká unie', 'CESTA ODPOVÌDNÉ SPOLEÈNOSTI', 'Èeská str.sociálnì demokrat.', 'Radostné Èesko', 'STAROSTOVÉ A NEZÁVISLÍ', 'Komunistická str.Èech a Moravy', 'Strana zelenıch', 'ROZUMNÍ-stop migraci,diktát.EU', 'Strana svobodnıch obèanù', 'Blok proti islam.-Obran.domova', 'Obèanská demokratická aliance', 'Èeská pirátská strana', 'Referendum o Evropské unii', 'TOP 09', 'ANO 2011', 'Dobrá volba 2016', 'SPR-Republ.str.Èsl. M.Sládka', 'Køes.demokr.unie-Ès.str.lid.', 'Èeská strana národnì sociální', 'REALISTÉ', 'SPORTOVCI', 'Dìlnic.str.sociální spravedl.', 'Svob.a pø.dem.-T.Okamura (SPD)', 'Strana Práv Obèanù']"
Vıšovice,590215,399,266,263,"['Obèanská demokratická strana', 'Øád národa - Vlastenecká unie', 'CESTA ODPOVÌDNÉ SPOLEÈNOSTI', 'Èeská str.sociálnì demokrat.', 'Radostné Èesko', 'STAROSTOVÉ A NEZÁVISLÍ', 'Komunistická str.Èech a Moravy', 'Strana zelenıch', 'ROZUMNÍ-stop migraci,diktát.EU', 'Strana svobodnıch obèanù', 'Blok proti islam.-Obran.domova', 'Obèanská demokratická aliance', 'Èeská pirátská strana', 'Referendum o Evropské unii', 'TOP 09', 'ANO 2011', 'Dobrá volba 2016', 'SPR-Republ.str.Èsl. M.Sládka', 'Køes.demokr.unie-Ès.str.lid.', 'Èeská strana národnì sociální', 'REALISTÉ', 'SPORTOVCI', 'Dìlnic.str.sociální spravedl.', 'Svob.a pø.dem.-T.Okamura (SPD)', 'Strana Práv Obèanù']"
Zdìtín,590223,282,196,194,"['Obèanská demokratická strana', 'Øád národa - Vlastenecká unie', 'CESTA ODPOVÌDNÉ SPOLEÈNOSTI', 'Èeská str.sociálnì demokrat.', 'Radostné Èesko', 'STAROSTOVÉ A NEZÁVISLÍ', 'Komunistická str.Èech a Moravy', 'Strana zelenıch', 'ROZUMNÍ-stop migraci,diktát.EU', 'Strana svobodnıch obèanù', 'Blok proti islam.-Obran.domova', 'Obèanská demokratická aliance', 'Èeská pirátská strana', 'Referendum o Evropské unii', 'TOP 09', 'ANO 2011', 'Dobrá volba 2016', 'SPR-Republ.str.Èsl. M.Sládka', 'Køes.demokr.unie-Ès.str.lid.', 'Èeská strana národnì sociální', 'REALISTÉ', 'SPORTOVCI', 'Dìlnic.str.sociální spravedl.', 'Svob.a pø.dem.-T.Okamura (SPD)', 'Strana Práv Obèanù']"
eleè,590240,436,278,278,"['Obèanská demokratická strana', 'Øád národa - Vlastenecká unie', 'CESTA ODPOVÌDNÉ SPOLEÈNOSTI', 'Èeská str.sociálnì demokrat.', 'Radostné Èesko', 'STAROSTOVÉ A NEZÁVISLÍ', 'Komunistická str.Èech a Moravy', 'Strana zelenıch', 'ROZUMNÍ-stop migraci,diktát.EU', 'Strana svobodnıch obèanù', 'Blok proti islam.-Obran.domova', 'Obèanská demokratická aliance', 'Èeská pirátská strana', 'Referendum o Evropské unii', 'TOP 09', 'ANO 2011', 'Dobrá volba 2016', 'SPR-Republ.str.Èsl. M.Sládka', 'Køes.demokr.unie-Ès.str.lid.', 'Èeská strana národnì sociální', 'REALISTÉ', 'SPORTOVCI', 'Dìlnic.str.sociální spravedl.', 'Svob.a pø.dem.-T.Okamura (SPD)', 'Strana Práv Obèanù']"
